序号,产品种类,产品名称,产品规格,应用领域,产品特性,连接类型,产品描述
"1","3PE जंगरोधी स्टील पाइप","(1020×12 मीटर) आंतरिक एपॉक्सी बाहरी 3PE जंगरोधी स्टील पाइप","1020mm × 12m","तेल और गैस परिवहन","तीन-परत PE जंगरोधी; एपॉक्सी राल कोटिंग","","यह उत्पाद बड़े व्यास का तेल और गैस परिवहन के लिए एक विशेष पाइपलाइन है, जो उन्नत आंतरिक दीवार फ्यूजन बॉन्डेड एपॉक्सी पाउडर (FBE) और बाहरी दीवार तीन-परत पॉलीथीन (3PE) समग्र जंगरोधी तकनीक का उपयोग करता है। आंतरिक कोटिंग चिकनी है, जो परिवहन प्रतिरोध को प्रभावी ढंग से कम करती है और माध्यम के क्षरण को रोकती है; बाहरी 3PE संरचना में उत्कृष्ट यांत्रिक शक्ति, रासायनिक जंग प्रतिरोध और कैथोडिक पीलिंग प्रतिरोध होता है, जो कठोर भूमिगत वातावरण में पाइपलाइन के दीर्घकालिक सुरक्षित और स्थिर संचालन को सुनिश्चित करता है।"
"2","3PE जंगरोधी स्टील पाइप","(DN50×12 मीटर) बाहरी 3PE जंगरोधी निर्बाध स्टील पाइप","DN50 × 12m","तेल और गैस परिवहन","तीन-परत PE जंगरोधी","","यह निर्बाध स्टील पाइप मानक तीन-परत PE जंगरोधी परत को अपनाता है, जिसे विशेष रूप से मध्यम और उच्च दबाव वाले तेल और गैस पाइपलाइन नेटवर्क के लिए डिज़ाइन किया गया है। निर्बाध पाइप बॉडी में मजबूत दबाव झेलने की क्षमता होती है, जो 3PE के उत्कृष्ट जंगरोधी और इन्सुलेशन प्रदर्शन के साथ मिलकर जटिल भूवैज्ञानिक स्थितियों का प्रभावी ढंग से सामना कर सकती है, जिससे परिवहन सुरक्षा सुनिश्चित होती है। यह शाखा लाइनों और संग्रह पाइपलाइन नेटवर्क के लिए एक विश्वसनीय विकल्प है।"
"3","3PE जंगरोधी स्टील पाइप","(1220×12 मीटर) भूमिगत पेयजल परिवहन के लिए 3PE जंगरोधी स्टील पाइप","1220mm × 12m","जल आपूर्ति प्रणाली; तेल और गैस परिवहन","तीन-परत PE जंगरोधी","","बड़े व्यास का डिज़ाइन, आंतरिक और बाहरी दोनों दीवारों पर कठोर उपचार किया गया है। बाहरी 3PE जंगरोधी परत यह सुनिश्चित करती है कि पाइपलाइन मिट्टी के क्षरण से सुरक्षित रहे, और आंतरिक दीवार पेयजल परिवहन के लिए स्वच्छता मानकों के अनुरूप है। यह उत्पाद जल आपूर्ति और तेल और गैस परिवहन दोनों क्षेत्रों के लिए उपयुक्त है, और इसमें बहुत अधिक लागत-प्रदर्शन और व्यापक इंजीनियरिंग अनुकूलनशीलता है।"
"4","3PE जंगरोधी स्टील पाइप","(1400×12 मीटर) 3PE प्रबलित ग्रेड जंगरोधी स्टील पाइप","1400mm × 12m","तेल और गैस परिवहन","तीन-परत PE जंगरोधी","","अत्यधिक बड़े व्यास का स्टील पाइप, जो एक प्रबलित ग्रेड 3PE जंगरोधी कोटिंग को अपनाता है, जिसकी मोटाई और आसंजन सामान्य ग्रेड से बेहतर है। यह विशेष रूप से अत्यधिक संक्षारक वातावरण या उच्च यांत्रिक सुरक्षा आवश्यकताओं वाली मुख्य परिवहन लाइनों के लिए डिज़ाइन किया गया है, ताकि पाइप नेटवर्क के सेवा जीवन को अधिकतम बढ़ाया जा सके और रखरखाव लागत को कम किया जा सके।"
"5","3PE जंगरोधी स्टील पाइप","(114×6 मीटर) छोटे व्यास का 3PE जंगरोधी स्टील पाइप","114mm × 6m","तेल और गैस परिवहन","तीन-परत PE जंगरोधी","","छोटे व्यास, उच्च लचीलापन वाला 3PE जंगरोधी पाइपलाइन, शहरी गैस पाइपलाइन नेटवर्क, तेल क्षेत्र संग्रह शाखा लाइनों और रासायनिक सामग्री परिवहन के लिए उपयुक्त है। इसका उत्कृष्ट जंगरोधी प्रदर्शन और सुविधाजनक स्थापना विशेषताएँ इसे छोटे व्यास के पाइपलाइन इंजीनियरिंग में एक किफायती और कुशल विकल्प बनाती हैं।"
"6","3PE जंगरोधी स्टील पाइप","(1620×12 मीटर) 3PE जंगरोधी स्टील पाइप","1620mm × 12m","तेल और गैस परिवहन","तीन-परत PE जंगरोधी","","अत्यधिक बड़े व्यास का 3PE जंगरोधी स्टील पाइप, जिसे राष्ट्रीय स्तर की प्रमुख ऊर्जा धमनियों और लंबी दूरी की पाइपलाइन परियोजनाओं के लिए विशेष रूप से बनाया गया है। मजबूत संरचनात्मक स्थिरता और एक शीर्ष-स्तरीय 3PE जंगरोधी प्रणाली का संयोजन विभिन्न कठोर जलवायु और भूवैज्ञानिक परिस्थितियों में ऊर्जा परिवहन की सुरक्षा और दक्षता सुनिश्चित करता है।"
"7","3PE जंगरोधी स्टील पाइप","(159×12 मीटर) 3PE जंगरोधी स्टील पाइप","159mm × 12m","तेल और गैस परिवहन","तीन-परत PE जंगरोधी","","सार्वभौमिक प्रकार का 3PE जंगरोधी स्टील पाइप, मध्यम विनिर्देशों के साथ, विभिन्न तेल और गैस क्षेत्रों के सतही निर्माण, संग्रह पाइपलाइनों और शहरी गैस मध्यम और निम्न दबाव पाइपलाइन नेटवर्क में व्यापक रूप से उपयोग किया जाता है। परिपक्व उत्पादन प्रक्रिया और स्थिर उत्पाद की गुणवत्ता इसे बाजार पर सबसे लोकप्रिय जंगरोधी पाइपलाइनों में से एक बनाती है।"
"8","3PE जंगरोधी स्टील पाइप","(2200×12 मीटर) प्रबलित ग्रेड 3PE जंगरोधी स्टील पाइप","2200mm × 12m","तेल और गैस परिवहन","तीन-परत PE जंगरोधी","","यह वर्तमान में उद्योग में उच्चतम विनिर्देश का अतिरिक्त-बड़ा-व्यास वाला जंगरोधी स्टील पाइप है, जो एक प्रबलित ग्रेड 3PE कोटिंग को अपनाता है ताकि प्राकृतिक गैस, कच्चे तेल और अन्य ऊर्जा के बड़े प्रवाह, अंतर-क्षेत्रीय परिवहन के लिए उच्चतम सुरक्षा गारंटी प्रदान की जा सके। यह राष्ट्रीय रणनीतिक ऊर्जा गलियारों के निर्माण के लिए एक अनिवार्य प्रमुख उत्पाद है।"
"9","3PE जंगरोधी स्टील पाइप","(1820×12 मीटर) प्रबलित ग्रेड 3PE जंगरोधी स्टील पाइप","1820mm × 12m","तेल और गैस परिवहन","तीन-परत PE जंगरोधी","","बड़े व्यास का प्रबलित ग्रेड 3PE जंगरोधी स्टील पाइप, जिसे लंबी दूरी, उच्च दबाव, बड़े प्रवाह वाले तेल और गैस परिवहन की जरूरतों को पूरा करने के लिए विशेष रूप से डिज़ाइन किया गया है। मोटी जंगरोधी परत अतिरिक्त यांत्रिक सुरक्षा और जंगरोधी क्षमता प्रदान करती है, यह सुनिश्चित करती है कि पहाड़ों और पानी जैसे जटिल इलाकों को पार करते समय पाइपलाइन सुरक्षित और विश्वसनीय बनी रहे।"
"10","3PE जंगरोधी स्टील पाइप","(DN600×12 मीटर) 3PE जंगरोधी स्टील पाइप","DN600 × 12m","तेल और गैस परिवहन","तीन-परत PE जंगरोधी","","DN600 तेल और गैस परिवहन मुख्य लाइनों में एक सामान्य रूप से उपयोग किया जाने वाला विनिर्देश है। यह उत्पाद मानकीकृत 3PE जंगरोधी प्रक्रिया को अपनाता है, जिसमें स्थिर गुणवत्ता और विश्वसनीय प्रदर्शन होता है। यह प्राकृतिक गैस, पेट्रोलियम उत्पादों और अन्य औद्योगिक गैसों के लंबी दूरी के परिवहन के लिए उपयुक्त है, और एक कुशल ऊर्जा पाइपलाइन नेटवर्क बनाने के लिए मुख्य उत्पाद है।"
"11","3PE जंगरोधी स्टील पाइप","(2020×12 मीटर) आंतरिक सीमेंट मोर्टार बाहरी 3PE जंगरोधी स्टील पाइप","2020mm × 12m","तेल और गैस परिवहन","तीन-परत PE जंगरोधी","","यह उत्पाद एक आंतरिक और बाहरी समग्र जंगरोधी संरचना है। बाहरी दीवार उत्कृष्ट बाहरी पर्यावरण संरक्षण प्रदान करने के लिए 3PE का उपयोग करती है, और आंतरिक दीवार सीमेंट मोर्टार से पंक्तिबद्ध है। सीमेंट मोर्टार अस्तर न केवल लागत-प्रभावी है, बल्कि पानी की गुणवत्ता के द्वितीयक प्रदूषण को प्रभावी ढंग से रोकता है और पैमाने के गठन को रोकता है, जिससे यह विशेष रूप से जल परिवहन, सीवेज निर्वहन और जल उपचार परियोजनाओं के लिए उपयुक्त है।"
"12","3PE जंगरोधी स्टील पाइप","(2022×12 मीटर) प्रबलित ग्रेड 3PE जंगरोधी स्टील पाइप","2022mm × 12m","तेल और गैस परिवहन","तीन-परत PE जंगरोधी","","अतिरिक्त-बड़े-व्यास का डिज़ाइन, एक प्रबलित ग्रेड 3PE जंगरोधी परत के साथ मिलकर, राष्ट्रीय स्तर की ऊर्जा रणनीति परियोजनाओं के लिए एक ठोस गारंटी प्रदान करता है। इसकी उत्कृष्ट दबाव झेलने की क्षमता और शीर्ष-स्तरीय जंगरोधी प्रदर्शन सभी प्रकार की चरम काम करने की परिस्थितियों में सुरक्षित और निरंतर तेल और गैस परिवहन सुनिश्चित करता है।"
"13","3PE जंगरोधी स्टील पाइप","(89×6 मीटर) प्रबलित ग्रेड 3PE जंगरोधी स्टील पाइप","89mm × 6m","तेल और गैस परिवहन","तीन-परत PE जंगरोधी","","छोटे व्यास का प्रबलित ग्रेड 3PE जंगरोधी स्टील पाइप। हालांकि व्यास छोटा है, जंगरोधी ग्रेड उच्च है। यह अत्यधिक संक्षारक रासायनिक मीडिया, नमकीन उपचार, या उच्च विश्वसनीयता की आवश्यकता वाले शहरी गैस सेवा लाइनों के परिवहन के लिए उपयुक्त है, जो एक अतिरिक्त-लंबी सेवा जीवन प्रदान करता है।"
"14","CDU त्वरित युग्मन प्लास्टिक लेपित स्टील पाइप","(108×4 मीटर) CDU त्वरित युग्मन वेल्डेड अग्निशमन प्लास्टिक लेपित स्टील पाइप","108mm × 4m","अग्निशमन प्रणाली","","वेल्डिंग कनेक्शन","आधुनिक अग्निशमन इंजीनियरिंग के लिए विशेष रूप से डिज़ाइन किया गया, यह प्लास्टिक-लेपित स्टील पाइप CDU त्वरित युग्मन और वेल्डिंग की दोहरी कनेक्शन विधि का उपयोग करता है, जो स्थापना की सुविधा और दक्षता दोनों के साथ-साथ संयुक्त की सीलिंग और संरचनात्मक ताकत सुनिश्चित करता है। आंतरिक और बाहरी कोटिंग्स आग और जंग को प्रभावी ढंग से रोक सकती हैं, जो पाइपलाइनों के लिए अग्निशमन प्रणालियों के उच्च मानकों को पूरी तरह से पूरा करती हैं।"
"15","थ्रेडेड कनेक्शन प्लास्टिक लेपित स्टील पाइप","(60×6 मीटर) जल आपूर्ति के लिए थ्रेडेड कनेक्शन प्लास्टिक लेपित स्टील पाइप","60mm × 6m","जल आपूर्ति प्रणाली","","थ्रेडेड कनेक्शन","इस उत्पाद की आंतरिक और बाहरी दीवारों को पानी की गुणवत्ता की सुरक्षा सुनिश्चित करने के लिए सेनेटरी-ग्रेड एपॉक्सी राल के साथ प्लास्टिक-लेपित किया गया है। पाइप के अंत को मानकीकृत थ्रेडिंग के साथ संसाधित किया जाता है, जिससे विशेष उपकरणों के बिना त्वरित कनेक्शन की अनुमति मिलती है, जो भवन के इनडोर जल आपूर्ति प्रणालियों की स्थापना और मरम्मत को बहुत सुविधाजनक बनाता है। यह पारंपरिक जस्ती पाइपों के लिए एक आदर्श प्रतिस्थापन है।"
"16","थ्रेडेड कनेक्शन प्लास्टिक लेपित स्टील पाइप","(60×6 मीटर) जल आपूर्ति और जल निकासी के लिए थ्रेडेड कनेक्शन प्लास्टिक लेपित स्टील पाइप","60mm × 6m","जल निकासी प्रणाली","","थ्रेडेड कनेक्शन","आंतरिक और बाहरी प्लास्टिक-लेपित परतें चिकनी, रासायनिक रूप से संक्षारण प्रतिरोधी होती हैं, और सीवेज में एसिड और क्षार पदार्थों द्वारा क्षरण को प्रभावी ढंग से रोक सकती हैं। सुविधाजनक थ्रेडेड कनेक्शन विधि इमारतों और कारखानों में जल निकासी और सीवेज पाइपलाइन प्रणालियों के लिए उपयुक्त है, जिसमें त्वरित स्थापना, सरल रखरखाव और रुकावट की प्रवृत्ति नहीं होती है।"
"17","आंतरिक और बाहरी एपॉक्सी राल लेपित स्टील पाइप","(DN600×12 मीटर) जंगरोधी सर्पिल स्टील पाइप","DN600 × 12m","","एपॉक्सी राल कोटिंग; समान आंतरिक और बाहरी कोटिंग","","बड़े व्यास का सर्पिल वेल्डेड पाइप आधार पाइप के रूप में, जिसकी आंतरिक और बाहरी दोनों दीवारें उच्च-प्रदर्शन फ्यूजन-बॉन्डेड एपॉक्सी राल पाउडर के साथ लेपित हैं। आंतरिक दीवार चिकनी है और परिवहन दक्षता अधिक है; बाहरी दीवार में उत्कृष्ट जंगरोधी प्रदर्शन है और इसे भूमिगत या हवाई रूप से बिछाया जा सकता है। यह नगरपालिका जल आपूर्ति और जल निकासी, औद्योगिक परिसंचारी जल और सीवेज उपचार जैसे विभिन्न क्षेत्रों के लिए उपयुक्त है।"
"18","आंतरिक और बाहरी एपॉक्सी राल लेपित स्टील पाइप","(630×12 मीटर) दो तरफा लेपित समग्र स्टील पाइप","630mm × 12m","","एपॉक्सी राल कोटिंग; समान आंतरिक और बाहरी कोटिंग","","बड़े व्यास का डिज़ाइन, आंतरिक और बाहरी दीवारों पर समान रूप से एपॉक्सी राल के साथ लेपित एक घनी सुरक्षात्मक परत बनाने के लिए, जो स्टील पाइप की ताकत और प्लास्टिक पाइप के संक्षारण प्रतिरोध को जोड़ती है। यह औद्योगिक द्रव परिवहन और नगरपालिका परियोजनाओं के लिए उपयुक्त है जिसमें जंगरोधी और सफाई के लिए उच्च आवश्यकताएं हैं।"
"19","आंतरिक और बाहरी एपॉक्सी राल लेपित स्टील पाइप","(630×12 मीटर) आंतरिक और बाहरी एपॉक्सी राल लेपित स्टील पाइप","630mm × 12m","","एपॉक्सी राल कोटिंग; समान आंतरिक और बाहरी कोटिंग","","यह उत्पाद एक स्टील पाइप को सब्सट्रेट के रूप में उपयोग करता है और, एक गर्म-पिघल स्प्रे प्रक्रिया के माध्यम से, एपॉक्सी राल को आंतरिक और बाहरी सतहों पर समान रूप से लागू किया जाता है, जो परिवहन किए गए माध्यम और बाहरी वातावरण से स्टील पाइप के क्षरण को प्रभावी ढंग से अलग करता है। यह एक नए प्रकार का समग्र पाइपलाइन है जो उच्च शक्ति, संक्षारण प्रतिरोध और कम प्रवाह प्रतिरोध को एकीकृत करता है।"
"20","ग्रूव्ड कनेक्शन प्लास्टिक लेपित स्टील पाइप","(114×6 मीटर) जल आपूर्ति के लिए ग्रूव्ड कनेक्शन प्लास्टिक लेपित स्टील पाइप","114mm × 6m","जल आपूर्ति प्रणाली","","ग्रूव्ड कनेक्शन","पाइप का अंत विशेष रूप से अंडाकार होता है और इसे एक ग्रूव्ड (खांचेदार) कपलिंग का उपयोग करके जोड़ा जाता है, जो एक अत्यंत तेज़ स्थापना गति की अनुमति देता है और एक निश्चित कोणीय विचलन को सहन करता है। आंतरिक और बाहरी कोटिंग पानी की गुणवत्ता और पाइपलाइन के स्थायित्व को सुनिश्चित करती है, और यह ऊंची इमारतों में जल आपूर्ति प्रणालियों और औद्योगिक जल उपचार पाइपलाइन नेटवर्क के लिए एक पसंदीदा समाधान है।"
"21","ग्रूव्ड कनेक्शन प्लास्टिक लेपित स्टील पाइप","(108×4 मीटर) जल आपूर्ति के लिए ग्रूव्ड कनेक्शन प्लास्टिक लेपित स्टील पाइप","108mm × 4m","जल आपूर्ति प्रणाली","","ग्रूव्ड कनेक्शन","त्वरित-स्थापना जल आपूर्ति नेटवर्क सिस्टम के लिए उपयुक्त। ग्रूव्ड कनेक्शन को वेल्डिंग या थ्रेडिंग की आवश्यकता नहीं होती है, निर्माण सुरक्षित और पर्यावरण के अनुकूल है, और निर्माण अवधि को बहुत कम कर देता है। आंतरिक और बाहरी कोटिंग्स स्वच्छता मानकों के अनुरूप हैं, संक्षारण प्रतिरोधी हैं और पैमाने नहीं बनाती हैं, जो दीर्घकालिक पानी की गुणवत्ता सुनिश्चित करती हैं।"
"23","ग्रूव्ड कनेक्शन प्लास्टिक लेपित स्टील पाइप","(114×4.5 मीटर) जल आपूर्ति के लिए ग्रूव्ड कनेक्शन प्लास्टिक लेपित स्टील पाइप","114mm × 4.5m","जल आपूर्ति प्रणाली","","ग्रूव्ड कनेक्शन","यह 4.5-मीटर मानक-लंबाई वाला ग्रूव्ड कनेक्शन प्लास्टिक-लेपित पाइप परिवहन और संकीर्ण स्थानों में संचालन के लिए अधिक सुविधाजनक है। आंतरिक और बाहरी सैनिटरी-ग्रेड कोटिंग्स पीने के पानी की सुरक्षा सुनिश्चित करती हैं, और त्वरित ग्रूव्ड कनेक्शन विधि विशेष रूप से तंग समय सीमा वाले भवन जल आपूर्ति परियोजनाओं के लिए उपयुक्त है।"
"24","द्विधातु वेल्डेड प्लास्टिक लेपित स्टील पाइप","(325×12 मीटर) जल आपूर्ति के लिए द्विधातु वेल्डेड प्लास्टिक लेपित स्टील पाइप","325mm × 12m","जल आपूर्ति प्रणाली","द्विधातु","वेल्डिंग कनेक्शन","यह एक अभिनव द्विधातु समग्र तकनीक को अपनाता है, जिसमें आंतरिक परत आमतौर पर स्टेनलेस स्टील की होती है, जो उत्कृष्ट संक्षारण प्रतिरोध और स्वच्छता प्रदर्शन सुनिश्चित करती है, और बाहरी परत कार्बन स्टील की होती है, जो उच्च शक्ति और समर्थन प्रदान करती है। यह उच्च गुणवत्ता वाले पेयजल परिवहन, भोजन और दवा जैसे अत्यधिक उच्च स्वच्छता आवश्यकताओं वाले क्षेत्रों के लिए उपयुक्त है।"
"25","द्विधातु वेल्डेड प्लास्टिक लेपित स्टील पाइप","(159×6 मीटर) बाहरी काला, आंतरिक नीला द्विधातु वेल्डेड प्लास्टिक लेपित स्टील पाइप","159mm × 6m","","द्विधातु","वेल्डिंग कनेक्शन","अद्वितीय दो-रंग का आंतरिक और बाहरी डिज़ाइन। आंतरिक दीवार पर नीली कोटिंग आमतौर पर जल आपूर्ति के उपयोग का प्रतिनिधित्व करती है, जबकि बाहरी दीवार पर काली कोटिंग बुनियादी सुरक्षा प्रदान करती है। द्विधातु आधार पाइप, आंतरिक और बाहरी प्लास्टिक कोटिंग प्रक्रिया के साथ मिलकर, अंदर से बाहर तक कई सुरक्षा प्रदान करता है, जिसमें उत्कृष्ट प्रदर्शन और स्थायित्व होता है।"
"26","द्विधातु वेल्डेड प्लास्टिक लेपित स्टील पाइप","(60×6 मीटर) जल आपूर्ति के लिए द्विधातु वेल्डेड प्लास्टिक लेपित स्टील पाइप","60mm × 6m","जल आपूर्ति प्रणाली","द्विधातु","वेल्डिंग कनेक्शन","छोटे व्यास का द्विधातु समग्र पाइप, स्टेनलेस स्टील के संक्षारण प्रतिरोध और कार्बन स्टील की अर्थव्यवस्था को एकीकृत करता है। आंतरिक दीवार चिकनी और साफ है, और यह उच्च-अंत आवासीय, अस्पतालों और स्कूलों में प्रत्यक्ष पेयजल या उच्च-गुणवत्ता वाले जल आपूर्ति प्रणालियों के लिए उपयुक्त है, जो वेल्डिंग के माध्यम से एक स्थायी और विश्वसनीय कनेक्शन प्राप्त करता है।"
"27","बाहरी जस्ती, आंतरिक प्लास्टिक लेपित स्टील पाइप","(21×6 मीटर) बाहरी जस्ती, आंतरिक प्लास्टिक लेपित स्टील पाइप","21mm × 6m","","गर्म-डुबकी गैल्वनाइजिंग","","यह स्टील पाइप बाहरी दीवार पर गर्म-डुबकी गैल्वनाइजिंग और आंतरिक दीवार पर प्लास्टिक कोटिंग की एक समग्र प्रक्रिया को अपनाता है, जिसमें उत्कृष्ट जंगरोधी गुण और यांत्रिक शक्ति दोनों होती है। बाहरी जस्ता परत बाहरी पर्यावरण क्षरण का प्रभावी ढंग से प्रतिरोध करती है, जबकि आंतरिक प्लास्टिक कोटिंग परिवहन किए गए माध्यम की सफाई और स्वच्छता सुनिश्चित करती है, कोई पैमाना नहीं बनाती है, और कम प्रतिरोध होता है। यह पारंपरिक जस्ती पाइपों के लिए एक आदर्श उन्नयन उत्पाद है और विभिन्न भवन जल आपूर्ति और औद्योगिक द्रव परिवहन में व्यापक रूप से लागू होता है।"
"28","बाहरी जस्ती, आंतरिक प्लास्टिक लेपित स्टील पाइप","(DN15×6 मीटर) बाहरी जस्ती, प्लास्टिक लेपित स्टील पाइप","DN15 × 6m","","गर्म-डुबकी गैल्वनाइजिंग","","DN15 छोटे व्यास का डिज़ाइन, बाहरी जस्ता परत जंगरोधी है, आंतरिक प्लास्टिक परत जंगरोधी और स्वच्छ है। यह स्टील पाइप की ताकत और प्लास्टिक पाइप के फायदों को जोड़ती है, और भवन में ठंडे और गर्म पानी, अग्निशमन और एयर कंडीशनिंग पानी के पाइप जैसे क्षेत्रों के लिए एक किफायती और टिकाऊ समाधान है।"
"29","बाहरी जस्ती, आंतरिक प्लास्टिक लेपित स्टील पाइप","(89×6 मीटर) बाहरी जस्ती, आंतरिक प्लास्टिक लेपित जंगरोधी स्टील पाइप","89mm × 6m","","गर्म-डुबकी गैल्वनाइजिंग","","मध्यम व्यास, बाहरी जस्ती और आंतरिक प्लास्टिक-लेपित संरचना दोहरी सुरक्षा प्रदान करती है। उन अनुप्रयोगों के लिए उपयुक्त है जहां पाइपलाइन के आंतरिक और बाहरी दोनों जंग संरक्षण की आवश्यकता होती है, जैसे कि औद्योगिक शीतलन जल प्रणाली, नगरपालिका जल आपूर्ति शाखा पाइप, आदि, एकल-कोटिंग उत्पादों की तुलना में लंबी सेवा जीवन के साथ।"
"30","बड़े व्यास का आंतरिक ईपी बाहरी पीई जंगरोधी स्टील पाइप","(1020×6 मीटर) आंतरिक ईपी बाहरी पीई जंगरोधी स्टील पाइप","1020mm × 6m","","बड़े व्यास","","बड़े व्यास का पाइपलाइन, आंतरिक दीवार पर एपॉक्सी (ईपी) और बाहरी दीवार पर पॉलीथीन (पीई) की एक समग्र जंगरोधी संरचना को अपनाता है। आंतरिक दीवार पर ईपी कोटिंग चिकनी और संक्षारण प्रतिरोधी है, जबकि बाहरी दीवार पर पीई कोटिंग में उच्च यांत्रिक शक्ति होती है और यह धक्कों के प्रतिरोधी होती है। यह नगरपालिका जल परिवहन, सीवेज निर्वहन और बड़े पैमाने पर जल मोड़ परियोजनाओं के लिए एक लागत प्रभावी विकल्प है।"
"31","बड़े व्यास का आंतरिक ईपी बाहरी पीई जंगरोधी स्टील पाइप","(610×6 मीटर) आंतरिक एपॉक्सी बाहरी पीई प्लास्टिक लेपित स्टील पाइप","610mm × 6m","","एपॉक्सी राल कोटिंग; बड़े व्यास","","610 मिमी बड़े व्यास का स्टील पाइप, आंतरिक दीवार एक स्वच्छ ग्रेड एपॉक्सी राल कोटिंग का उपयोग करती है, बाहरी दीवार एक पॉलीथीन जंगरोधी परत का उपयोग करती है। आंतरिक और बाहरी के लिए विभिन्न सामग्रियों की यह समग्र संरचना इसे आंतरिक माध्यम की शुद्धता आवश्यकताओं और बाहरी दफन वातावरण की कठोर जंगरोधी आवश्यकताओं दोनों को एक साथ पूरा करने में सक्षम बनाती है।"
"32","बड़े व्यास का आंतरिक ईपी बाहरी पीई जंगरोधी स्टील पाइप","(219×6 मीटर) फ्लैंज कनेक्शन आंतरिक ईपी बाहरी पीई जंगरोधी स्टील पाइप","219mm × 6m","","बड़े व्यास","फ्लैंज कनेक्शन","यह पाइपलाइन उन्नत आंतरिक एपॉक्सी बाहरी पॉलीथीन (आंतरिक ईपी बाहरी पीई) जंगरोधी प्रक्रिया को अपनाती है और वाल्व, पंप और अन्य उपकरणों के साथ कनेक्शन की सुविधा के लिए फ्लैंज कनेक्शन से सुसज्जित है, और पाइपलाइन के अनुभागीय स्थापना और रखरखाव की भी सुविधा प्रदान करती है। औद्योगिक पाइप नेटवर्क, जल उपचार और अन्य प्रणालियों के लिए उपयुक्त है जिन्हें लगातार निराकरण और रखरखाव की आवश्यकता होती है।"
"33","बड़े व्यास का आंतरिक ईपी बाहरी पीई जंगरोधी स्टील पाइप","(1020×6 मीटर) आंतरिक ईपी बाहरी पीई प्लास्टिक लेपित स्टील पाइप","1020mm × 6m","","बड़े व्यास","","1020 मिमी अतिरिक्त-बड़ा व्यास, आंतरिक ईपी/बाहरी पीई समग्र कोटिंग तकनीक, बड़े पैमाने पर जल संरक्षण और नगरपालिका इंजीनियरिंग के लिए एक विश्वसनीय पाइपलाइन समाधान प्रदान करती है। यह उत्पाद दोनों कोटिंग्स के लाभों को जोड़ता है, लागत और प्रदर्शन का एक इष्टतम संतुलन प्राप्त करता है।"
"34","बड़े व्यास का आंतरिक ईपी बाहरी पीई जंगरोधी स्टील पाइप","(DN1200×12 मीटर) आंतरिक एपॉक्सी पाउडर बाहरी पॉलीथीन जंगरोधी सर्पिल स्टील पाइप","DN1200 × 12m","","एपॉक्सी राल कोटिंग; बड़े व्यास","","उच्च शक्ति वाले सर्पिल स्टील पाइप पर आधारित, आंतरिक दीवार फ्यूजन-बॉन्डेड एपॉक्सी पाउडर (FBE) के साथ लेपित है, और बाहरी दीवार पॉलीथीन (PE) के साथ लिपटी या ढकी हुई है। विशेष रूप से लंबी दूरी, बड़े-प्रवाह वाले जल परिवहन परियोजनाओं के लिए डिज़ाइन किया गया है, जैसे कि दक्षिण-से-उत्तर जल मोड़ परियोजना और अंतर-क्षेत्रीय जल मोड़ परियोजनाएं, स्थिर और विश्वसनीय प्रदर्शन के साथ।"
"35","बड़े व्यास का आंतरिक ईपी बाहरी पीई जंगरोधी स्टील पाइप","(DN800×6 मीटर) आंतरिक एपॉक्सी बाहरी पॉलीथीन बड़े व्यास का प्लास्टिक लेपित स्टील पाइप","DN800 × 6m","","एपॉक्सी राल कोटिंग; बड़े व्यास","","DN800 बड़ा व्यास, आंतरिक एपॉक्सी कोटिंग पानी की गुणवत्ता सुनिश्चित करती है, बाहरी पॉलीथीन कोटिंग उत्कृष्ट भौतिक और रासायनिक सुरक्षा प्रदान करती है। यह उत्पाद शहर के मुख्य जल आपूर्ति पाइप नेटवर्क, औद्योगिक परिसंचारी जल प्रणालियों और बड़े पैमाने पर सीवेज पाइपलाइन निर्माण के लिए आदर्श सामग्री है।"
"36","बड़े व्यास का आंतरिक ईपी बाहरी पीई जंगरोधी स्टील पाइप","(325×12 मीटर) बाहरी काला आंतरिक सफेद प्लास्टिक लेपित स्टील पाइप","325mm × 12m","","बड़े व्यास","","दो-रंग का आंतरिक और बाहरी कोटिंग, आंतरिक दीवार पर सफेद एपॉक्सी कोटिंग साफ और चिकनी है, जो निरीक्षण की सुविधा प्रदान करती है, जबकि बाहरी दीवार पर काली पॉलीथीन कोटिंग बहुत मौसम प्रतिरोधी है। यह डिज़ाइन, जो आंतरिक और बाहरी दोनों को बेहतर बनाता है, इसे जल आपूर्ति और औद्योगिक अनुप्रयोगों में व्यापक रूप से लागू करता है जहां पाइपलाइन वातावरण के लिए उच्च आवश्यकताएं होती हैं।"
"37","बड़े व्यास का आंतरिक ईपी बाहरी पीई जंगरोधी स्टील पाइप","(529×12 मीटर) आंतरिक ईपी बाहरी पीई प्लास्टिक लेपित स्टील पाइप","529mm × 12m","","बड़े व्यास","","मध्यम से बड़े विनिर्देश, परिपक्व आंतरिक ईपी बाहरी पीई समग्र जंगरोधी तकनीक को अपनाते हुए, आंतरिक जंग संरक्षण और बाहरी सुरक्षा दोनों की दोहरी जरूरतों को ध्यान में रखते हुए, और साथ ही उच्च लागत-प्रभावशीलता रखते हुए। यह नगरपालिका और औद्योगिक क्षेत्रों में सबसे व्यापक रूप से उपयोग किए जाने वाले समग्र जंगरोधी पाइपलाइनों में से एक है।"
"38","बड़े व्यास का आंतरिक ईपी बाहरी पीई जंगरोधी स्टील पाइप","(820×12 मीटर) आंतरिक एपॉक्सी बाहरी पॉलीथीन प्लास्टिक लेपित स्टील पाइप","820mm × 12m","","एपॉक्सी राल कोटिंग; बड़े व्यास","","820 मिमी बड़ा व्यास, आंतरिक एपॉक्सी कोटिंग में उत्कृष्ट रासायनिक प्रतिरोध होता है, बाहरी पॉलीथीन कोटिंग प्रभाव और घर्षण प्रतिरोधी होती है। उत्पाद का समग्र प्रदर्शन बेहतर है, यह पाइप नेटवर्क प्रणाली के सेवा जीवन को प्रभावी ढंग से बढ़ा सकता है, और शहरी जल आपूर्ति, पुनर्नवीनीकरण पानी के पुन: उपयोग और सीवेज उपचार जैसी परियोजनाओं में व्यापक रूप से उपयोग किया जाता है।"
"39","बड़े व्यास का आंतरिक एपॉक्सी लेपित स्टील पाइप","(426×12 मीटर) आंतरिक एपॉक्सी लेपित स्टील पाइप","426mm × 12m","","एपॉक्सी राल कोटिंग; बड़े व्यास","","यह उत्पाद पाइपलाइन की आंतरिक दीवार के जंग संरक्षण पर केंद्रित है, जिसमें गर्म-पिघल आवेदन के लिए खाद्य-ग्रेड एपॉक्सी राल पाउडर का उपयोग किया जाता है। यह विशेष रूप से उच्च पानी की गुणवत्ता आवश्यकताओं और गैर-गंभीर बाहरी जंग वाले परिवहन वातावरण के लिए उपयुक्त है, जैसे कि हवाई या पाइप दीर्घाओं में पानी की आपूर्ति पाइपलाइन, महत्वपूर्ण लागत लाभ के साथ।"
"40","बड़े व्यास का आंतरिक एपॉक्सी लेपित स्टील पाइप","(2220×6 मीटर) आंतरिक प्लास्टिक लेपित बाहरी 3PE जंगरोधी स्टील पाइप","2220mm × 6m","तेल और गैस परिवहन","तीन-परत PE जंगरोधी; एपॉक्सी राल कोटिंग; बड़े व्यास","","उद्योग की शीर्ष-स्तरीय जंगरोधी विन्यास। आंतरिक दीवार विशेष मीडिया आवश्यकताओं को पूरा करने या प्रवाह प्रतिरोध को कम करने के लिए एपॉक्सी प्लास्टिक कोटिंग को अपनाती है, जबकि बाहरी दीवार उच्चतम ग्रेड 3PE जंगरोधी का उपयोग करती है। यह अंतिम सुरक्षा समाधान 'आंतरिक और बाहरी रूप से बेहतर' विशेष रूप से सबसे कठोर वातावरण में तेल और गैस परिवहन के लिए डिज़ाइन किया गया है, जैसे कि अपतटीय प्लेटफ़ॉर्म और क्रॉसिंग परियोजनाएं।"
"41","बड़े व्यास का आंतरिक एपॉक्सी लेपित स्टील पाइप","(820×12 मीटर) सॉकेट कनेक्शन आंतरिक एपॉक्सी पाउडर लेपित स्टील पाइप","820mm × 12m","","एपॉक्सी राल कोटिंग; बड़े व्यास","सॉकेट कनेक्शन","बड़े व्यास का आंतरिक एपॉक्सी-लेपित पाइप, एक कुशल सॉकेट-प्रकार के कनेक्शन के साथ मिलकर, साइट पर स्थापना दक्षता में काफी सुधार करता है। आंतरिक दीवार पर एपॉक्सी कोटिंग उत्कृष्ट जंगरोधी और हाइड्रोलिक प्रदर्शन प्रदान करती है, जिससे यह बड़े पैमाने पर जल परिवहन और सीवेज निर्वहन परियोजनाओं के तेजी से निर्माण के लिए एक आदर्श विकल्प बन जाता है।"
"42","बड़े व्यास का आंतरिक एपॉक्सी लेपित स्टील पाइप","(630×12 मीटर) आंतरिक एपॉक्सी पाउडर लेपित स्टील पाइप","630mm × 12m","","एपॉक्सी राल कोटिंग; बड़े व्यास","","बड़े व्यास का पाइप सामग्री जो आंतरिक जंग संरक्षण पर केंद्रित है। आंतरिक दीवार पर समान रूप से लागू एपॉक्सी पाउडर परत में अत्यंत मजबूत आसंजन और संक्षारण प्रतिरोध होता है। यह औद्योगिक प्रक्रिया जल, परिसंचारी शीतलन जल प्रणाली आदि के लिए उपयुक्त है, और पाइपलाइन के अंदर जंग और पैमाने के गठन को प्रभावी ढंग से रोक सकता है, जिससे प्रणाली का उच्च दक्षता वाला संचालन बना रहता है।"
"43","बड़े व्यास का आंतरिक एपॉक्सी लेपित स्टील पाइप","(1420×12 मीटर) आंतरिक एपॉक्सी पाउडर लेपित स्टील पाइप","1420mm × 12m","","एपॉक्सी राल कोटिंग; बड़े व्यास","","अत्यधिक बड़े व्यास का स्टील पाइप, जिसकी आंतरिक दीवार फ्यूजन-बॉन्डेड एपॉक्सी पाउडर जंग संरक्षण को अपनाती है। मुख्य रूप से बड़े जल मोड़ नहरों, जलविद्युत स्टेशनों के दबाव स्टील पाइप और पंपिंग स्टेशनों के सेवन और आउटलेट पाइपलाइनों में उपयोग किया जाता है, चिकनी आंतरिक दीवार सिर के नुकसान को काफी कम कर सकती है और परिवहन दक्षता में सुधार कर सकती है।"
"44","बड़े व्यास का प्लास्टिक लेपित समग्र स्टील पाइप","(DN350×12 मीटर) जल आपूर्ति के लिए द्विधातु वेल्डेड प्लास्टिक लेपित स्टील पाइप","DN350 × 12m","जल आपूर्ति प्रणाली","द्विधातु; बड़े व्यास","वेल्डING कनेक्शन","बड़े व्यास का द्विधातु समग्र पाइप, आंतरिक रूप से संक्षारण प्रतिरोधी मिश्र धातुओं जैसे स्टेनलेस स्टील के साथ पंक्तिबद्ध और बाहरी रूप से कार्बन स्टील के साथ लेपित, जो पानी की गुणवत्ता सुरक्षा और एक अतिरिक्त-लंबी पाइपलाइन जीवन दोनों सुनिश्चित करता है, जबकि पर्याप्त संरचनात्मक शक्ति भी रखता है। यह उच्च गुणवत्ता वाले शहरी मुख्य जल आपूर्ति पाइप और खाद्य-ग्रेड औद्योगिक प्रक्रिया पाइपलाइनों के लिए उपयुक्त है।"
"45","बड़े व्यास का प्लास्टिक लेपित समग्र स्टील पाइप","(426×12 मीटर) आंतरिक और बाहरी एपॉक्सी राल लेपित सर्पिल स्टील पाइप","426mm × 12m","","एपॉक्सी राल कोटिंग; बड़े व्यास","","सर्पिल स्टील पाइप पर आधारित, आंतरिक और बाहरी दोनों दीवारें एपॉक्सी राल के साथ लेपित हैं। यह व्यापक जंग संरक्षण इसे जटिल आंतरिक और बाहरी संक्षारक वातावरण के अनुकूल होने में सक्षम बनाता है, जैसे कि रासायनिक पार्कों, सीवेज उपचार संयंत्रों आदि में प्रक्रिया और निर्वहन पाइपलाइन, उच्च लागत-प्रभावशीलता के साथ।"
"46","बड़े व्यास का प्लास्टिक लेपित समग्र स्टील पाइप","(219×12 मीटर) जल आपूर्ति के लिए प्लास्टिक लेपित समग्र स्टील पाइप","219mm × 12m","जल आपूर्ति प्रणाली","बड़े व्यास","","सार्वभौमिक प्रकार का बड़े व्यास का जल आपूर्ति प्लास्टिक-लेपित पाइप, आंतरिक और बाहरी दीवारों पर एक स्वच्छ कोटिंग के साथ, जो एक किफायती तरीके से पाइपलाइन के क्षरण और स्केलिंग की समस्याओं को हल करता है, जल आपूर्ति प्रणाली की सुरक्षा और स्थिरता सुनिश्चित करता है। यह नगरपालिका और भवन जल आपूर्ति इंजीनियरिंग के लिए एक पारंपरिक और इष्टतम विकल्प उत्पाद है।"
"47","बड़े व्यास का प्लास्टिक लेपित समग्र स्टील पाइप","(DN2400×12 मीटर) बड़े व्यास का आंतरिक और बाहरी प्लास्टिक लेपित सर्पिल स्टील पाइप","DN2400 × 12m","","समान आंतरिक और बाहरी कोटिंग; बड़े व्यास","","अतिरिक्त-बड़े-व्यास वाला आंतरिक और बाहरी प्लास्टिक-लेपित समग्र पाइप, जिसे विशाल जल मोड़, बाढ़ निर्वहन और नगरपालिका इंजीनियरिंग परियोजनाओं के लिए डिज़ाइन किया गया है। आंतरिक और बाहरी कोटिंग्स व्यापक संक्षारण संरक्षण प्रदान करते हैं, जो पाइपलाइन के स्थायित्व और पानी के सुचारू प्रवाह को सुनिश्चित करते हैं। यह बड़े पैमाने पर बुनियादी ढांचे के निर्माण के लिए एक प्रमुख पाइप सामग्री है।"
"48","बड़े व्यास का प्लास्टिक लेपित समग्र स्टील पाइप","(DN1200×12 मीटर) जल आपूर्ति के लिए प्लास्टिक लेपित समग्र स्टील पाइप","DN1200 × 12m","जल आपूर्ति प्रणाली","बड़े व्यास","","DN1200 बड़े व्यास का जल आपूर्ति समर्पित समग्र पाइपलाइन, स्वच्छ-ग्रेड प्लास्टिक कोटिंग के साथ आंतरिक दीवार, कारखाने से पानी की गुणवत्ता सुनिश्चित करता है। यह शहर के मुख्य जल आपूर्ति पाइप नेटवर्क और जलाशय के पानी के सेवन जैसे प्रमुख लिंक के लिए उपयुक्त है, जो दस लाख की आबादी वाले शहरों के लिए एक सुरक्षित और विश्वसनीय जीवन रेखा गारंटी प्रदान करता है।"
"49","बड़े व्यास का प्लास्टिक लेपित समग्र स्टील पाइप","(DN800×12 मीटर) आंतरिक और बाहरी प्लास्टिक लेपित सर्पिल स्टील पाइप","DN800 × 12m","","समान आंतरिक और बाहरी कोटिंग; बड़े व्यास","","बड़े व्यास का आंतरिक और बाहरी प्लास्टिक-लेपित पाइप, एक लागत प्रभावी सर्पिल पाइप के साथ सब्सट्रेट के रूप में, आंतरिक और बाहरी दीवारों पर कोटिंग्स विश्वसनीय जंगरोधी प्रदर्शन प्रदान करते हैं। यह औद्योगिक परिसंचारी जल, नगरपालिका सीवेज निर्वहन, कृषि सिंचाई और अन्य क्षेत्रों के लिए उपयुक्त है, जिसमें अनुप्रयोगों की एक विस्तृत श्रृंखला है।"
"50","बड़े व्यास का प्लास्टिक लेपित समग्र स्टील पाइप","(DN200×12 मीटर) बाहरी एपॉक्सी राल लेपित स्टील पाइप","DN200 × 12m","","एपॉक्सी राल कोटिंग; बड़े व्यास","","यह उत्पाद बाहरी दीवार पर एपॉक्सी राल कोटिंग सुरक्षा पर केंद्रित है, और हवाई स्थापना या अपेक्षाकृत कठोर बाहरी संक्षारक वातावरण वाले काम करने की स्थितियों के लिए उपयुक्त है। यह वायुमंडलीय क्षरण और यूवी उम्र बढ़ने का प्रभावी ढंग से विरोध कर सकता है, पाइपलाइन की संरचनात्मक अखंडता की रक्षा कर सकता है।"
"51","बड़े व्यास का प्लास्टिक लेपित समग्र स्टील पाइप","(219×12 मीटर) जल आपूर्ति के लिए द्विधातु वेल्डेड प्लास्टिक लेपित स्टील पाइप","219mm × 12m","जल आपूर्ति प्रणाली","द्विधातु; बड़े व्यास","वेल्डिंग कनेक्शन","यह उत्पाद द्विधातु समग्र और प्लास्टिक कोटिंग प्रौद्योगिकियों को जोड़ता है, जो शीर्ष स्तरीय जंगरोधी और स्वच्छता प्रदर्शन प्रदान करता है। आंतरिक स्टेनलेस स्टील अस्तर पानी की गुणवत्ता सुनिश्चित करता है, और आंतरिक और बाहरी कोटिंग्स जंगरोधी क्षमता को और बढ़ाती हैं। यह उच्च अंत इमारतों, अस्पतालों और डेटा केंद्रों जैसे महत्वपूर्ण स्थानों में जल आपूर्ति प्रणालियों के लिए एक आदर्श विकल्प है।"
"52","बड़े व्यास का प्लास्टिक लेपित समग्र स्टील पाइप","(325×12 मीटर) जल आपूर्ति के लिए द्विधातु वेल्डेड प्लास्टिक लेपित स्टील पाइप","325mm × 12m","जल आपूर्ति प्रणाली","द्विधातु; बड़े व्यास","वेल्डिंग कनेक्शन","मध्यम से बड़े व्यास का द्विधातु समग्र पाइप, जो वेल्डिंग के माध्यम से एक स्थायी कनेक्शन प्राप्त करता है, अपेक्षाकृत उच्च दबाव वाली मुख्य जल आपूर्ति लाइनों के लिए उपयुक्त है। आंतरिक स्टेनलेस स्टील सामग्री पानी के द्वितीयक प्रदूषण की समस्या को मौलिक रूप से हल करती है और पानी की आपूर्ति की गुणवत्ता में सुधार के लिए एक प्रमुख पाइप सामग्री है।"
"53","बड़े व्यास का प्लास्टिक लेपित समग्र स्टील पाइप","(DN800×6 मीटर) बड़े व्यास का प्लास्टिक लेपित समग्र सर्पिल स्टील पाइप","DN800 × 6m","","बड़े व्यास","","सर्पिल स्टील पाइप पर आधारित बड़े व्यास का प्लास्टिक-लेपित समग्र पाइप सामग्री, आंतरिक और बाहरी कोटिंग्स प्रभावी रूप से जंग को रोकती हैं, और सर्पिल वेल्ड सीम पाइप बॉडी की रिंग कठोरता को बढ़ाता है। बड़े प्रवाह वाले नगरपालिका जल आपूर्ति और जल निकासी और औद्योगिक जल परिवहन के लिए उपयुक्त, उत्कृष्ट लागत-प्रभावशीलता के साथ।"
"54","बड़े व्यास का प्लास्टिक लेपित समग्र स्टील पाइप","(DN400×12 मीटर) जंगरोधी सर्पिल स्टील पाइप","DN400 × 12m","","बड़े व्यास","","मध्यम से बड़े व्यास का जंगरोधी सर्पिल पाइप। ग्राहक की जरूरतों के अनुसार, आंतरिक और बाहरी प्लास्टिक कोटिंग, 3PE, आदि जैसे विभिन्न जंगरोधी समाधान प्रदान किए जा सकते हैं। सर्पिल पाइपों में एक महत्वपूर्ण लागत लाभ, मजबूत दबाव झेलने की क्षमता होती है, और यह मध्यम और बड़े पैमाने पर जल परिवहन, गैस परिवहन, पाइलिंग और अन्य परियोजनाओं के लिए एक किफायती और व्यावहारिक विकल्प है।"
"55","रंगीन दोहरी प्रतिरोधी प्लास्टिक लेपित स्टील पाइप","(108×6 मीटर) दोहरी प्रतिरोधी एपॉक्सी पाउडर खनन उपयोग प्लास्टिक लेपित समग्र स्टील पाइप","108mm × 6m","खनन प्रणाली","दोहरी परत संक्षारण प्रतिरोधी; एपॉक्सी राल कोटिंग","","खनन वातावरण के लिए विशेष रूप से डिज़ाइन किया गया, यह एक 'दोहरी प्रतिरोधी' (एंटी-स्टैटिक, ज्वाला मंदक) एपॉक्सी राल कोटिंग को अपनाता है, जो भूमिगत गैस और धूल विस्फोट दुर्घटनाओं को प्रभावी ढंग से रोक सकता है। आंतरिक और बाहरी कोटिंग्स में एक ही समय में उत्कृष्ट पहनने और संक्षारण प्रतिरोध भी होता है, जो खनन जल आपूर्ति और जल निकासी, संपीड़ित हवा और गैस निष्कर्षण प्रणालियों की सुरक्षा सुनिश्चित करता है।"
"56","रंगीन दोहरी प्रतिरोधी प्लास्टिक लेपित स्टील पाइप","(108×6 मीटर) जल आपूर्ति और जल निकासी के लिए ग्रूव्ड कनेक्शन प्लास्टिक लेपित स्टील पाइप","108mm × 6m","जल निकासी प्रणाली","दोहरी परत संक्षारण प्रतिरोधी","ग्रूव्ड कनेक्शन","'दोहरी प्रतिरोधी' प्रदर्शन के साथ प्लास्टिक-लेपित स्टील पाइप, एक सुविधाजनक ग्रूव्ड कनेक्शन विधि को अपनाता है। यह कोयला खदानों जैसे विशेष वातावरण में जल आपूर्ति और जल निकासी प्रणालियों के लिए उपयुक्त है, जो खनन सुरक्षा नियमों को पूरा करता है और त्वरित स्थापना और रखरखाव दोनों को प्राप्त करता है।"
"57","रंगीन दोहरी प्रतिरोधी प्लास्टिक लेपित स्टील पाइप","(108×6 मीटर) ग्रूव्ड कनेक्शन रंगीन दोहरी प्रतिरोधी खनन उपयोग प्लास्टिक लेपित स्टील पाइप","108mm × 6m","खनन प्रणाली","दोहरी परत संक्षारण प्रतिरोधी","ग्रूव्ड कनेक्शन","यह खनन-उपयोग प्लास्टिक-लेपित पाइप विशेष 'दोहरी प्रतिरोधी' सामग्री के साथ आंतरिक और बाहरी दोनों दीवारों पर लेपित है और एक ग्रूव्ड कनेक्शन के माध्यम से जुड़ा हुआ है। रंगीन उपस्थिति भूमिगत पाइपलाइन प्रणालियों की पहचान और प्रबंधन की सुविधा प्रदान करती है और यह आधुनिक, उच्च-सुरक्षा-मानक खनन पाइपलाइन नेटवर्क बनाने के लिए आदर्श उत्पाद है।"
"59","सॉकेट कनेक्शन TPEP जंगरोधी स्टील पाइप","(820×12 मीटर) सॉकेट कनेक्शन TPEP जंगरोधी स्टील पाइप","820mm × 12m","","TPEP जंगरोधी","सॉकेट कनेक्शन","शीर्ष-स्तरीय TPEP (बाहरी तीन-परत पॉलीथीन आंतरिक फ्यूजन-बॉन्डेड एपॉक्सी) जंगरोधी तकनीक को अपनाते हुए, जंगरोधी परत का प्रदर्शन पारंपरिक 3PE से व्यापक रूप से बेहतर है, जो इसे लंबी दूरी, बड़े-व्यास वाले जल और गैस परिवहन परियोजनाओं के लिए विशेष रूप से उपयुक्त बनाता है। सुविधाजनक सॉकेट कनेक्शन विधि निर्माण अवधि को बहुत कम कर सकती है, स्थापना लागत को कम कर सकती है, और साथ ही इंटरफ़ेस की जकड़न और विश्वसनीयता सुनिश्चित कर सकती है। यह बड़े पैमाने पर पाइप नेटवर्क परियोजनाओं के लिए एक आदर्श विकल्प है।"
"60","सॉकेट कनेक्शन प्लास्टिक लेपित स्टील पाइप","(820×12 मीटर) सॉकेट कनेक्शन आंतरिक एपॉक्सी पाउडर लेपित स्टील पाइप","820mm × 12m","","एपॉक्सी राल कोटिंग","सॉकेट कनेक्शन","बड़े व्यास का आंतरिक एपॉक्सी-लेपित पाइप, एक सॉकेट-प्रकार के कनेक्शन को अपनाता है, इंटरफ़ेस पर एक विश्वसनीय सीलिंग डिज़ाइन के साथ, स्थापना में सुविधाजनक और त्वरित। यह कम दबाव वाले गुरुत्वाकर्षण प्रवाह या कम दबाव वाले जल परिवहन प्रणालियों जैसे नगरपालिका जल आपूर्ति और जल निकासी, कृषि भूमि सिंचाई आदि के लिए उपयुक्त है, जिसमें अत्यंत उच्च निर्माण दक्षता होती है।"
"61","सॉकेट कनेक्शन प्लास्टिक लेपित स्टील पाइप","(820×12 मीटर) जल आपूर्ति के लिए सॉकेट कनेक्शन प्लास्टिक लेपित स्टील पाइप","820mm × 12m","जल आपूर्ति प्रणाली","","सॉकेट कनेक्शन","बड़े व्यास की जल आपूर्ति इंजीनियरिंग के लिए डिज़ाइन किया गया एक सॉकेट-प्रकार का प्लास्टिक-लेपित स्टील पाइप, जिसकी आंतरिक दीवार पर सैनिटरी-ग्रेड कोटिंग पानी की गुणवत्ता सुरक्षा सुनिश्चित करती है। सॉकेट कनेक्शन को जटिल उपकरणों की आवश्यकता नहीं होती है, निर्माण सरल है, और यह निर्माण अवधि को प्रभावी ढंग से छोटा कर सकता है, जिससे यह बड़े पैमाने पर नगरपालिका जल आपूर्ति पाइप नेटवर्क के तेजी से बिछाने के लिए बहुत उपयुक्त है।"
"62","लूज़ फ्लैंज कनेक्शन प्लास्टिक लेपित स्टील पाइप","(140×6 मीटर) खनन उपयोग के लिए लूज़ फ्लैंज कनेक्शन प्लास्टिक लेपित स्टील पाइप","140mm × 6m","खनन प्रणाली","","फ्लैंज कनेक्शन","खनन-उपयोग प्लास्टिक-लेपित स्टील पाइप एक ढीले निकला हुआ किनारा से सुसज्जित है। स्थापना के दौरान, निकला हुआ किनारा छेद को संरेखित करने के लिए स्वतंत्र रूप से घूम सकता है, जो जटिल भूमिगत वातावरण में पाइपलाइन कनेक्शन की स्थापना को बहुत सुविधाजनक बनाता है और संरेखण समय बचाता है। यह खनन पाइपलाइन नेटवर्क के उन हिस्सों के लिए उपयुक्त है जिन्हें बार-बार निराकरण और असेंबली की आवश्यकता होती है या उपकरण से जोड़ा जाता है।"
"63","ग्रूव्ड कनेक्शन प्लास्टिक लेपित स्टील पाइप","(159×6 मीटर) अग्निशमन के लिए ग्रूव्ड कनेक्शन प्लास्टिक लेपित स्टील पाइप","159mm × 6m","अग्निशमन प्रणाली","","ग्रूव्ड कनेक्शन","अग्निशमन के लिए विशेष प्लास्टिक-लेपित स्टील पाइप, एक ग्रूव्ड कनेक्शन को अपनाते हुए, स्थापना में त्वरित और खुली लौ के बिना, अग्नि सुरक्षा निर्माण आवश्यकताओं के अनुरूप। लाल एपॉक्सी कोटिंग में मजबूत आसंजन होता है, यह आग और संक्षारण प्रतिरोधी है, यह सुनिश्चित करता है कि अग्निशमन प्रणाली महत्वपूर्ण क्षणों में तेजी से प्रतिक्रिया करती है और विश्वसनीय प्रदर्शन करती है।"
"64","ग्रूव्ड कनेक्शन प्लास्टिक लेपित स्टील पाइप","(114×6 मीटर) अग्निशमन के लिए ग्रूव्ड कनेक्शन प्लास्टिक लेपित स्टील पाइप","114mm × 6m","अग्निशमन प्रणाली","","ग्रूव्ड कनेक्शन","अग्निशमन प्रणाली के लिए मानकीकृत डिज़ाइन किया गया पाइपलाइन, आंतरिक और बाहरी लाल कोटिंग, ग्रूव्ड-प्रकार का कनेक्शन। उत्पाद का निर्माण अग्नि विनियमों के अनुसार सख्ती से किया जाता है, इसमें उत्कृष्ट दबाव और संक्षारण प्रतिरोध होता है, और यह विभिन्न भवनों में अग्निशमन स्प्रिंकलर और हाइड्रेंट सिस्टम के लिए पहली पसंद की पाइप सामग्री है।"
"65","ग्रूव्ड कनेक्शन प्लास्टिक लेपित स्टील पाइप","(89×6 मीटर) जल आपूर्ति के लिए ग्रूव्ड कनेक्शन प्लास्टिक लेपित स्टील पाइप","89mm × 6m","जल आपूर्ति प्रणाली","","ग्रूव्ड कनेक्शन","आंतरिक और बाहरी दीवारों पर प्लास्टिक कोटिंग उपचार, स्वच्छ और गैर विषैले, विशेष रूप से जल आपूर्ति प्रणालियों के लिए डिज़ाइन किया गया। ग्रूव्ड कनेक्शन विधि निर्माण के लिए सुविधाजनक है, इंटरफ़ेस विश्वसनीय है, और यह भवन जल आपूर्ति, प्रत्यक्ष पेयजल और शुद्ध जल परिवहन प्रणालियों के लिए उपयुक्त है। यह एक कुशल और पर्यावरण के अनुकूल पाइपलाइन समाधान है।"
"66","ग्रूव्ड कनेक्शन प्लास्टिक लेपित स्टील पाइप","(165×6 मीटर) जल आपूर्ति के लिए ग्रूव्ड कनेक्शन प्लास्टिक लेपित स्टील पाइप","165mm × 6m","जल आपूर्ति प्रणाली","","ग्रूव्ड कनेक्शन","मध्यम-व्यास का जल आपूर्ति समर्पित प्लास्टिक-लेपित पाइप, एक ग्रूव्ड कनेक्शन को अपनाता है, एक स्थिर और विश्वसनीय जल आपूर्ति पाइप नेटवर्क का तेजी से निर्माण कर सकता है। आंतरिक और बाहरी कोटिंग्स प्रभावी रूप से जंग और पैमाने के गठन को रोकती हैं, जो दीर्घकालिक स्थिर जल परिवहन क्षमता और पानी की गुणवत्ता सुनिश्चित करती हैं।"
"67","ग्रूव्ड कनेक्शन प्लास्टिक लेपित स्टील पाइप","(114×6 मीटर) ग्रूव्ड कनेक्शन आंतरिक एपॉक्सी पाउडर लेपित स्टील पाइप","114mm × 6m","","एपॉक्सी राल कोटिंग","ग्रूव्ड कनेक्शन","इस उत्पाद में स्टील पाइप की आंतरिक दीवार पर एक फ्यूजन-बॉन्डेड एपॉक्सी पाउडर कोटिंग होती है, जिसमें उत्कृष्ट जंगरोधी प्रदर्शन होता है, और बाहरी दीवार स्टील पाइप की मूल उपस्थिति को बनाए रखती है। ग्रूव्ड कनेक्शन के साथ मिलकर, यह इनडोर या पाइप गैलरी परियोजनाओं के लिए उपयुक्त है जहां आंतरिक दीवार पर जंग संरक्षण की आवश्यकता होती है, लेकिन बाहरी वातावरण संक्षारक रूप से मजबूत नहीं होता है, जो उच्च लागत-प्रभावशीलता प्रदान करता है।"
"68","ग्रूव्ड कनेक्शन प्लास्टिक लेपित स्टील पाइप","(114×6 मीटर) ग्रूव्ड कनेक्शन आंतरिक एपॉक्सी लेपित स्टील पाइप","114mm × 6m","","एपॉक्सी राल कोटिंग","ग्रूव्ड कनेक्शन","आंतरिक दीवार जंग संरक्षण पर केंद्रित एक ग्रूव्ड कनेक्शन पाइपलाइन। आंतरिक दीवार पर एपॉक्सी कोटिंग विभिन्न रासायनिक मीडिया के क्षरण का प्रभावी ढंग से विरोध कर सकती है, जिससे यह औद्योगिक प्रक्रिया पाइपलाइनों और रासायनिक जल उपचार जैसे क्षेत्रों के लिए उपयुक्त हो जाती है। ग्रूव्ड कनेक्शन त्वरित स्थापना और सिस्टम परिवर्तन की सुविधा प्रदान करता है।"
"69","ग्रूव्ड कनेक्शन प्लास्टिक लेपित स्टील पाइप","(108×4 मीटर) ग्रूव्ड कनेक्शन प्लास्टिक लेपित स्टील पाइप","108mm × 4m","","","ग्रूव्ड कनेक्शन","सार्वभौमिक प्रकार का ग्रूव्ड कनेक्शन प्लास्टिक-लेपित स्टील पाइप, आंतरिक और बाहरी दोनों दीवारों पर जंगरोधी कोटिंग्स के साथ, और संतुलित प्रदर्शन। इसका व्यापक रूप से अग्निशमन, जल आपूर्ति और जल निकासी, एयर कंडीशनिंग परिसंचारी जल और अन्य विभिन्न पाइपलाइन प्रणालियों में उपयोग किया जा सकता है, जिसमें त्वरित स्थापना विधि इसका सबसे बड़ा लाभ है।"
"70","ग्रूव्ड कनेक्शन प्लास्टिक लेपित स्टील पाइप","(426×6 मीटर) जल आपूर्ति के लिए आंतरिक और बाहरी एपॉक्सी प्लास्टिक लेपित स्टील पाइप","426mm × 6m","जल आपूर्ति प्रणाली","एपॉक्सी राल कोटिंग","ग्रूव्ड कनेक्शन","बड़े व्यास का जल आपूर्ति पाइप सामग्री, जिसकी आंतरिक और बाहरी दोनों दीवारें खाद्य-ग्रेड एपॉक्सी राल के साथ प्लास्टिक-लेपित हैं और एक ग्रूव्ड कनेक्शन के माध्यम से जुड़ी हुई हैं। यह बड़े वाणिज्यिक भवनों, स्टेडियमों, सम्मेलन केंद्रों आदि में मुख्य जल आपूर्ति लाइनों के लिए उपयुक्त है, जो पानी की आपूर्ति सुरक्षा और कुशल निर्माण दोनों सुनिश्चित करता है।"
"71","ग्रूव्ड कनेक्शन प्लास्टिक लेपित स्टील पाइप","(325×6 मीटर) जल आपूर्ति के लिए ग्रूव्ड कनेक्शन प्लास्टिक लेपित स्टील पाइप","325mm × 6m","जल आपूर्ति प्रणाली","","ग्रूव्ड कनेक्शन","बड़े व्यास का जल आपूर्ति समर्पित प्लास्टिक-लेपित पाइप, जो ग्रूव्ड कनेक्शन तकनीक को अपनाता है। पारंपरिक वेल्डिंग या फ्लैंज कनेक्शन की तुलना में, निर्माण की गति तेज होती है और व्यापक लागत कम होती है। यह आधुनिक बड़े पैमाने पर जल आपूर्ति परियोजनाओं, विशेष रूप से तंग निर्माण कार्यक्रम वाली परियोजनाओं के लिए एक आदर्श विकल्प है।"
"74","ग्रूव्ड कनेक्शन प्लास्टिक लेपित स्टील पाइप","(DN60×6 मीटर) जल आपूर्ति के लिए प्लास्टिक लेपित स्टील पाइप","DN60 × 6m","जल आपूर्ति प्रणाली","","ग्रूव्ड कनेक्शन","DN60 व्यास का जल आपूर्ति पाइप, एक आसान स्थापना के लिए एक ग्रूव्ड कनेक्शन का उपयोग करता है। आंतरिक और बाहरी दीवारों पर सैनिटरी-ग्रेड प्लास्टिक-लेपित परत पानी की गुणवत्ता को साफ रखती है, जंग नहीं लगती है, और पैमाने नहीं बनाती है, जिससे यह आधुनिक स्वस्थ भवन जल आपूर्ति प्रणालियों के लिए एक किफायती विकल्प बन जाता है।"
"76","ग्रूव्ड कनेक्शन प्लास्टिक लेपित स्टील पाइप","(76×6 मीटर) जल आपूर्ति के लिए ग्रूव्ड कनेक्शन प्लास्टिक लेपित स्टील पाइप","76mm × 6m","जल आपूर्ति प्रणाली","","ग्रूव्ड कनेक्शन","छोटे व्यास का जल आपूर्ति-उपयोग प्लास्टिक-लेपित स्टील पाइप, एक सुविधाजनक ग्रूव्ड कनेक्शन को अपनाता है। यह भवन के आंतरिक शाखा पाइप और छोटी जल आपूर्ति प्रणालियों की स्थापना की समस्याओं को हल करने के लिए एक पसंदीदा समाधान है, जो स्थायित्व और अर्थव्यवस्था दोनों को जोड़ता है।"
"78","ग्रूव्ड कनेक्शन प्लास्टिक लेपित स्टील पाइप","(114×6 मीटर) जल आपूर्ति के लिए ग्रे ग्रूव्ड कनेक्शन प्लास्टिक लेपित स्टील पाइप","114mm × 6m","जल आपूर्ति प्रणाली","","ग्रूव्ड कनेक्शन","अद्वितीय ग्रे उपस्थिति पाइपलाइन प्रणालियों के भेदभावपूर्ण प्रबंधन की सुविधा प्रदान करती है (उदाहरण के लिए, घरेलू पानी और पुनर्नवीनीकरण पानी के बीच अंतर करना)। यह एक ग्रूव्ड कनेक्शन, आंतरिक और बाहरी प्लास्टिक कोटिंग का उपयोग करता है, और इसमें सौंदर्यशास्त्र, व्यावहारिकता और कुशल स्थापना की विशेषताएं हैं।"
"79","ग्रूव्ड कनेक्शन प्लास्टिक लेपित स्टील पाइप","(114×6 मीटर) अग्निशमन के लिए लाल ग्रूव्ड कनेक्शन प्लास्टिक लेपित समग्र स्टील","114mm × 6m","अग्निशमन प्रणाली","","ग्रूव्ड कनेक्शन","चमकीला लाल रूप अग्निशमन पाइपलाइनों के लिए समर्पित चिह्न है। यह समग्र स्टील पाइप आंतरिक और बाहरी रूप से प्लास्टिक-लेपित है, आग और संक्षारण प्रतिरोधी है, और ग्रूव्ड कनेक्शन विधि सुरक्षित और त्वरित है, जो सभी प्रकार की अग्निशमन इंजीनियरिंग की कठोर आवश्यकताओं को पूरी तरह से पूरा करती है।"
"80","ग्रूव्ड कनेक्शन प्लास्टिक लेपित स्टील पाइप","(108×4 मीटर) खनन उपयोग के लिए ग्रूव्ड कनेक्शन प्लास्टिक लेपित स्टील पाइप","108mm × 4m","खनन प्रणाली","","ग्रूव्ड कनेक्शन","खनन-उपयोग प्लास्टिक-लेपित स्टील पाइप, खनन उत्पाद सुरक्षा प्रमाणन के साथ, कोटिंग में एंटी-स्टैटिक और ज्वाला मंदक गुण होते हैं। ग्रूव्ड कनेक्शन विधि भूमिगत वातावरण के लिए उपयुक्त है, जिसमें सुरक्षित स्थापना और सुविधाजनक निराकरण होता है।"
"81","ग्रूव्ड कनेक्शन प्लास्टिक लेपित स्टील पाइप","(DN100×3 मीटर) अग्निशमन के लिए ग्रूव्ड कनेक्शन प्लास्टिक लेपित स्टील पाइप","DN100 × 3m","अग्निशमन प्रणाली","","ग्रूव्ड कनेक्शन","3-मीटर छोटे आकार का डिज़ाइन सीमित स्थान या लगातार मोड़ की आवश्यकता वाले अग्निशमन पाइपलाइन लेआउट के लिए अधिक उपयुक्त है। लाल कोटिंग, ग्रूव्ड कनेक्शन, अग्निशमन प्रणाली की सुरक्षा, विश्वसनीयता और सुविधाजनक स्थापना की आवश्यकताओं को पूरी तरह से पूरा करता है।"
"82","ग्रूव्ड कनेक्शन प्लास्टिक लेपित स्टील पाइप","(159×6 मीटर) जल आपूर्ति के लिए ग्रूव्ड कनेक्शन प्लास्टिक लेपित स्टील पाइप","159mm × 6m","जल आपूर्ति प्रणाली","","ग्रूव्ड कनेक्शन","सार्वभौमिक विनिर्देश का ग्रूव्ड-प्रकार का जल आपूर्ति प्लास्टिक-लेपित पाइप, विश्वसनीय गुणवत्ता, व्यापक रूप से उपयोग किया जाता है। आंतरिक और बाहरी कोटिंग्स पानी की गुणवत्ता सुनिश्चित करती हैं, और त्वरित कनेक्शन विधि निर्माण दक्षता में सुधार करती है, जिससे यह सभी प्रकार की जल आपूर्ति परियोजनाओं के लिए एक उच्च लागत-प्रदर्शन विकल्प बन जाता है।"
"83","ग्रूव्ड कनेक्शन प्लास्टिक लेपित स्टील पाइप","(108×6 मीटर) रंगीन दोहरी प्रतिरोधी ग्रूव्ड कनेक्शन प्लास्टिक लेपित स्टील पाइप","108mm × 6m","","दोहरी परत संक्षारण प्रतिरोधी","ग्रूव्ड कनेक्शन","रंगीन पहचान, दोहरे प्रतिरोधी प्रदर्शन (एंटी-स्टैटिक, ज्वाला मंदक) और ग्रूव्ड कनेक्शन को एक उच्च-अंत उत्पाद में एकीकृत करता है। विशेष रूप से विशेष सुरक्षा आवश्यकताओं और जटिल पाइपलाइन प्रणालियों वाले खानों या रासायनिक संयंत्रों के लिए उपयुक्त, प्रबंधन में आसान, उच्च सुरक्षा के साथ।"
"85","ग्रूव्ड कनेक्शन प्लास्टिक लेपित स्टील पाइप","(DN200×6 मीटर) अग्निशमन ग्रूव्ड कनेक्शन प्लास्टिक लेपित स्टील पाइप","DN200 × 6m","अग्निशमन प्रणाली","","ग्रूव्ड कनेक्शन","बड़े व्यास का अग्निशमन समर्पित पाइप, अग्निशमन पंप रूम और बाहरी अग्निशमन मुख्य पाइप जैसे प्रमुख भागों के लिए उपयुक्त। लाल कोटिंग में अच्छा मौसम प्रतिरोध होता है, और ग्रूव्ड कनेक्शन उच्च दबाव का सामना कर सकता है, जिससे पूरे अग्निशमन प्रणाली की अखंडता और प्रभावशीलता सुनिश्चित होती है।"
"86","ग्रूव्ड कनेक्शन प्लास्टिक लेपित स्टील पाइप","(DN150×6 मीटर) अग्निशमन के लिए लाल ग्रूव्ड कनेक्शन प्लास्टिक लेपित स्टील पाइप","DN150 × 6m","अग्निशमन प्रणाली","","ग्रूव्ड कनेक्शन","अग्निशमन प्रणाली की मुख्य पाइप सामग्री, DN150 व्यास, आंतरिक और बाहरी लाल एपॉक्सी कोटिंग। यह एक ग्रूव्ड कनेक्शन को अपनाता है, जो पाइप नेटवर्क बिछाने को जल्दी से पूरा कर सकता है, आधुनिक अग्निशमन इंजीनियरिंग की दक्षता और सुरक्षा की दोहरी जरूरतों को पूरा करता है।"
"87","ग्रूव्ड कनेक्शन प्लास्टिक लेपित स्टील पाइप","(DN100×6 मीटर) अग्निशमन के लिए लाल ग्रूव्ड कनेक्शन प्लास्टिक लेपित स्टील पाइप","DN100 × 6m","अग्निशमन प्रणाली","","ग्रूव्ड कनेक्शन","DN100 अग्निशमन प्रणालियों में सबसे व्यापक रूप से उपयोग किए जाने वाले विनिर्देशों में से एक है। यह लाल ग्रूव्ड पाइप सख्त उत्पादन मानकों, स्थिर बैच गुणवत्ता के साथ है, और सभी प्रकार के भवन अग्निशमन पाइप नेटवर्क के लिए मानक विन्यास है।"
"89","ग्रूव्ड कनेक्शन प्लास्टिक लेपित स्टील पाइप","(219×6 मीटर) अग्निशमन के लिए ग्रूव्ड कनेक्शन प्लास्टिक लेपित स्टील पाइप","219mm × 6m","अग्निशमन प्रणाली","","ग्रूव्ड कनेक्शन","बड़े व्यास का ग्रूव्ड-प्रकार का अग्निशमन पाइप, बड़े पैमाने पर परिसरों और ऊंची इमारतों में मुख्य अग्निशमन राइजर या क्षैतिज मुख्य पाइप के लिए उपयुक्त। सुविधाजनक स्थापना, मजबूत दबाव झेलने की क्षमता, बड़े-प्रवाह वाले जल परिवहन को सुनिश्चित कर सकता है, और आधुनिक बड़े पैमाने पर अग्निशमन इंजीनियरिंग के लिए एक विश्वसनीय गारंटी है।"
"90","ग्रूव्ड कनेक्शन प्लास्टिक लेपित स्टील पाइप","(DN150×6 मीटर) जल आपूर्ति और जल निकासी के लिए ग्रूव्ड कनेक्शन प्लास्टिक लेपित स्टील पाइप","DN150 × 6m","जल निकासी प्रणाली","","ग्रूव्ड कनेक्शन","जल आपूर्ति और जल निकासी प्रणालियों के लिए उपयुक्त एक सार्वभौमिक-प्रकार का ग्रूव्ड कनेक्शन पाइप। आंतरिक और बाहरी कोटिंग्स चिकनी और संक्षारण प्रतिरोधी हैं, जो पानी की आपूर्ति की गुणवत्ता सुनिश्चित करती हैं और सीवेज के सुचारू निर्वहन को सक्षम करती हैं। ग्रूव्ड कनेक्शन स्थापना और रखरखाव के काम को बहुत सरल बनाता है।"
"91","ग्रूव्ड कनेक्शन प्लास्टिक लेपित स्टील पाइप","(159×6 मीटर) खनन उपयोग के लिए ग्रूव्ड कनेक्शन प्लास्टिक लेपित स्टील पाइप","159mm × 6m","खनन प्रणाली","","ग्रूव्ड कनेक्शन","खनन-उपयोग प्लास्टिक-लेपित पाइप जो सुरक्षा मानक प्रमाणन को पूरा करता है, कोटिंग में ज्वाला मंदक और एंटी-स्टैटिक गुण होते हैं। ग्रूव्ड कनेक्शन विधि सुरक्षित और पर्यावरण के अनुकूल है, जिसमें कोई खुली लौ का संचालन नहीं होता है, और यह विशेष रूप से गैस और धूल जैसे उच्च-जोखिम वाले वातावरण में खदान पाइपलाइन स्थापना के लिए उपयुक्त है।"
"92","ग्रूव्ड कनेक्शन प्लास्टिक लेपित स्टील पाइप","(219×6 मीटर) जल आपूर्ति के लिए ग्रूव्ड कनेक्शन प्लास्टिक लेपित स्टील पाइप","219mm × 6m","जल आपूर्ति प्रणाली","","ग्रूव्ड कनेक्शन","बड़े व्यास का जल आपूर्ति पाइप सामग्री, आंतरिक और बाहरी सैनिटरी-ग्रेड प्लास्टिक कोटिंग, एक कुशल ग्रूव्ड कनेक्शन विधि को अपनाता है। यह शहरों में द्वितीयक जल आपूर्ति और औद्योगिक पार्कों में मुख्य जल आपूर्ति लाइनों जैसी परियोजनाओं के लिए उपयुक्त है, और निर्माण अवधि को प्रभावी ढंग से छोटा कर सकता है।"
"93","ग्रूव्ड कनेक्शन प्लास्टिक लेपित स्टील पाइप","(DN100×6 मीटर) जल आपूर्ति के लिए प्लास्टिक लेपित स्टील पाइप","DN100 × 6m","जल आपूर्ति प्रणाली","","ग्रूव्ड कनेक्शन","DN100 सार्वभौमिक जल आपूर्ति प्लास्टिक-लेपित पाइप, एक ग्रूव्ड कनेक्शन को अपनाता है। यह वाणिज्यिक और आवासीय परियोजनाओं में सबसे अधिक इस्तेमाल की जाने वाली पाइप सामग्रियों में से एक है, आंतरिक और बाहरी कोटिंग्स जंग को रोकती हैं, पानी की गुणवत्ता सुनिश्चित करती हैं, स्थापना में सुविधाजनक होती हैं, और किफायती और व्यावहारिक होती हैं।"
"94","ग्रूव्ड कनेक्शन प्लास्टिक लेपित स्टील पाइप","(89×6 मीटर) बाहरी जस्ती आंतरिक प्लास्टिक लेपित जंगरोधी स्टील पाइप","89mm × 6m","","गर्म-डुबकी गैल्वनाइजिंग","ग्रूव्ड कनेक्शन","एक उच्च-प्रदर्शन पाइप सामग्री जो तीन प्रकार की सुरक्षा को एकीकृत करती है: बाहरी दीवार जंग से बचाव के लिए गर्म-डुबकी जस्ती है, आंतरिक दीवार जंग संरक्षण और स्वच्छता के लिए प्लास्टिक-लेपित है, और कनेक्शन विधि एक कुशल ग्रूव्ड कनेक्शन है। यह उन अवसरों के लिए उपयुक्त है जहां पाइपलाइन के आंतरिक और बाहरी संरक्षण और स्थापना दक्षता दोनों के लिए अत्यंत उच्च आवश्यकताएं होती हैं, जैसे कि उच्च-अंत होटलों और अस्पतालों की जल आपूर्ति प्रणाली।"
"95","फ्लैंज कनेक्शन खनन उपयोग प्लास्टिक लेपित स्टील पाइप","(108×6 मीटर) खनन उपयोग के लिए फ्लैंज कनेक्शन प्लास्टिक लेपित स्टील पाइप","108mm × 6m","खनन प्रणाली","","फ्लैंज कनेक्शन","खनन सुरक्षा मानकों के अनुरूप प्लास्टिक-लेपित स्टील पाइप, दोनों सिरों पर वेल्डेड फ्लैंज के साथ। फ्लैंज कनेक्शन में अच्छी कठोरता और विश्वसनीय सीलिंग होती है, और यह भूमिगत पाइपलाइन प्रणालियों के लिए उपयुक्त है जिनमें अपेक्षाकृत उच्च दबाव या बड़े कंपन होते हैं, जैसे कि मुख्य जल निकासी और संपीड़ित हवा लाइनें।"
"96","फ्लैंज कनेक्शन खनन उपयोग प्लास्टिक लेपित स्टील पाइप","(159×4.5 मीटर) खनन उपयोग के लिए फ्लैंज कनेक्शन प्लास्टिक लेपित स्टील पाइप","159mm × 4.5m","खनन प्रणाली","","फ्लैंज कनेक्शन","यह खनन-उपयोग प्लास्टिक-लेपित पाइप एक निकला हुआ किनारा से सुसज्जित है, और 4.5-मीटर की लंबाई इसे संकीर्ण खदान रोडवेज में परिवहन और स्थापित करना आसान बनाती है। यह खनन पाइपलाइन नेटवर्क के लिए उपयुक्त है जिन्हें अनुभागीय स्थापना या वाल्व और उपकरण से कनेक्शन की आवश्यकता होती है।"
"97","फ्लैंज कनेक्शन खनन उपयोग प्लास्टिक लेपित स्टील पाइप","(114×6 मीटर) खनन उपयोग के लिए फ्लैंज कनेक्शन प्लास्टिक लेपित स्टील पाइप","114mm × 6m","खनन प्रणाली","","फ्लैंज कनेक्शन","मानक विनिर्देश का फ्लैंज कनेक्शन खनन-उपयोग प्लास्टिक-लेपित पाइप, आंतरिक और बाहरी दीवार कोटिंग्स एंटी-स्टैटिक और ज्वाला मंदक आवश्यकताओं को पूरा करती हैं, और फ्लैंज कनेक्शन कनेक्शन की ताकत और सीलिंग सुनिश्चित करता है। यह एक सुरक्षित और विश्वसनीय खनन पाइपलाइन नेटवर्क बनाने के लिए एक बुनियादी घटक है।"
"98","फ्लैंज कनेक्शन खनन उपयोग प्लास्टिक लेपित स्टील पाइप","(159×3 मीटर) खनन उपयोग के लिए फ्लैंज कनेक्शन प्लास्टिक लेपित स्टील पाइप","159mm × 3m","खनन प्रणाली","","फ्लैंज कनेक्शन","3-मीटर छोटे आकार का डिज़ाइन विशेष रूप से सीमित स्थान और जटिल पाइपलाइनों वाले भूमिगत क्षेत्रों के लिए उपयुक्त है। फ्लैंज कनेक्शन सटीक संरेखण और दृढ़ निर्धारण की सुविधा प्रदान करता है, और यह विशेष भूमिगत स्थानों में पाइपलाइन स्थापना की समस्याओं को हल करने के लिए एक आदर्श उत्पाद है।"
"99","फ्लैंज कनेक्शन खनन उपयोग प्लास्टिक लेपित स्टील पाइप","(108×4 मीटर) खनन उपयोग के लिए नमूना फ्लैंज कनेक्शन प्लास्टिक लेपित स्टील पाइप","108mm × 4m","खनन प्रणाली","","फ्लैंज कनेक्शन","यह एक मानक नमूना है या एक विशिष्ट परियोजना के लिए एक अनुकूलित फ्लैंज कनेक्शन खनन पाइप है, जो उत्पाद की कोटिंग गुणवत्ता, फ्लैंज वेल्डिंग प्रक्रिया और समग्र प्रदर्शन को व्यापक रूप से प्रदर्शित करता है। यह ग्राहक मूल्यांकन और परियोजना निविदा के लिए एक आदर्श संदर्भ वस्तु है।"
"100","फ्लैंज कनेक्शन खनन उपयोग प्लास्टिक लेपित स्टील पाइप","(325×6 मीटर) खनन उपयोग के लिए फ्लैंज कनेक्शन प्लास्टिक लेपित स्टील पाइप","325mm × 6m","खनन प्रणाली","","फ्लैंज कनेक्शन","बड़े व्यास का खनन-उपयोग प्लास्टिक-लेपित स्टील पाइप, एक निकला हुआ किनारा कनेक्शन को अपनाता है। यह बड़े-प्रवाह, उच्च-आवश्यकता वाले पाइपलाइन सिस्टम जैसे कि मुख्य खदान जल निकासी, मुख्य वेंटिलेशन और गैस निष्कर्षण मुख्य लाइनों के लिए उपयुक्त है, जिसमें विश्वसनीय कनेक्शन और मजबूत दबाव झेलने की क्षमता है।"
"102","फ्लैंज कनेक्शन खनन उपयोग प्लास्टिक लेपित स्टील पाइप","(406×6 मीटर) खनन उपयोग के लिए फ्लैंज कनेक्शन प्लास्टिक लेपित स्टील पाइप","406mm × 6m","खनन प्रणाली","","फ्लैंज कनेक्शन","बड़े व्यास का फ्लैंज कनेक्शन खनन पाइप, बड़ी खानों की जीवन रेखा इंजीनियरिंग (जैसे वेंटिलेशन, जल निकासी, निष्कर्षण) के लिए एक ठोस गारंटी प्रदान करता है। दोहरी प्रतिरोधी आंतरिक और बाहरी कोटिंग्स का संयोजन एक मजबूत निकला हुआ किनारा कनेक्शन के साथ कठोर वातावरण में सिस्टम के दीर्घकालिक सुरक्षित संचालन को सुनिश्चित करता है।"
"103","फ्लैंज कनेक्शन खनन उपयोग प्लास्टिक लेपित स्टील पाइप","(165×6 मीटर) खनन उपयोग के लिए ग्रे फ्लैंज कनेक्शन प्लास्टिक लेपित समग्र स्टील पाइप","165mm × 6m","खनन प्रणाली","","फ्लैंज कनेक्शन","ग्रे उपस्थिति का उपयोग विशिष्ट प्रयोजनों के लिए खनन पाइपलाइनों को अलग करने के लिए किया जा सकता है, जैसे कि संपीड़ित हवा पाइपलाइन या ग्राउटिंग पाइपलाइन। निकला हुआ किनारा कनेक्शन उच्च दबाव वाले काम करने की स्थिति में सुरक्षा और सीलिंग सुनिश्चित करता है, और आंतरिक और बाहरी कोटिंग्स भूमिगत आर्द्र और संक्षारक वातावरण का प्रभावी ढंग से विरोध करती हैं।"
"104","फ्लैंज कनेक्शन खनन उपयोग प्लास्टिक लेपित स्टील पाइप","(108×4 मीटर) डबल-डिस्क फ्लैंज कनेक्शन आंतरिक और बाहरी प्लास्टिक लेपित समग्र स्टील पाइप","108mm × 4m","खनन प्रणाली","समान आंतरिक और बाहरी कोटिंग","फ्लैंज कनेक्शन","पाइप बॉडी के दोनों सिरों पर सीधे फिक्स्ड फ्लैंज (डबल-डिस्क फ्लैंज) वेल्ड किए जाते हैं, जिसमें मजबूत कनेक्शन कठोरता और सुविधाजनक स्थापना होती है। आंतरिक और बाहरी प्लास्टिक कोटिंग व्यापक जंग संरक्षण प्रदान करती है और यह भूमिगत महत्वपूर्ण उपकरण इंटरफेस या उच्च-शक्ति कनेक्शन की आवश्यकता वाले पाइप अनुभागों के लिए उपयुक्त है।"
"105","फ्लैंज कनेक्शन खनन उपयोग प्लास्टिक लेपित स्टील पाइप","(DN300×6 मीटर) बाहरी आरक्षित मुंह खनन उपयोग प्लास्टिक लेपित समग्र स्टील पाइप","DN300 × 6m","खनन प्रणाली","","फ्लैंज कनेक्शन","पाइप के अंत में प्लास्टिक-लेपित स्टील पाइप का एक छोटा खंड (बाहरी आरक्षित मुंह) आरक्षित है ताकि साइट पर निकला हुआ किनारा की वेल्डिंग की सुविधा हो, जो अधिक निर्माण लचीलापन प्रदान करता है। वेल्डिंग पूरा होने के बाद, वेल्ड की मरम्मत की जा सकती है ताकि पूरी पाइपलाइन की जंगरोधी अखंडता सुनिश्चित हो सके।"
"106","फ्लैंज कनेक्शन खनन उपयोग प्लास्टिक लेपित स्टील पाइप","(219×6 मीटर) ग्रूव्ड कनेक्शन प्लास्टिक लेपित स्टील पाइप","219mm × 6m","खनन प्रणाली","","फ्लैंज कनेक्शन; ग्रूव्ड कनेक्शन","यह एक विशेष अनुकूलित उत्पाद है, जिसमें एक सिरा निकला हुआ किनारा कनेक्शन के लिए है और दूसरा सिरा ग्रूव्ड कनेक्शन के लिए है। विभिन्न प्रकार के पाइप या उपकरण को जोड़ने के लिए उपयोग किया जाता है, यह महान सिस्टम संगतता और स्थापना सुविधा प्रदान करता है, और यह खदान पाइपलाइन नेटवर्क के नवीनीकरण और उन्नयन के लिए एक आदर्श विकल्प है।"
"107","फ्लैंज कनेक्शन खनन उपयोग प्लास्टिक लेपित स्टील पाइप","(DN100×6 मीटर) खनन उपयोग के लिए पीला फ्लैंज कनेक्शन प्लास्टिक लेपित स्टील पाइप","DN100 × 6m","खनन प्रणाली","","फ्लैंज कनेक्शन","पीले पाइप बॉडी का उपयोग आमतौर पर भूमिगत गैस निष्कर्षण या संपीड़ित हवा पाइपलाइनों के लिए एक पहचानकर्ता के रूप में किया जाता है। निकला हुआ किनारा कनेक्शन विधि इन उच्च-जोखिम प्रणालियों में कनेक्शन की जकड़न और सुरक्षा सुनिश्चित करती है, जो सबसे सख्त खदान सुरक्षा नियमों के अनुरूप है।"
"108","फ्लैंज कनेक्शन खनन उपयोग प्लास्टिक लेपित स्टील पाइप","(325×4 मीटर) फ्लैंज कनेक्शन दोहरी प्रतिरोधी प्लास्टिक लेपित स्टील पाइप","325mm × 4m","खनन प्रणाली","दोहरी परत संक्षारण प्रतिरोधी","फ्लैंज कनेक्शन","बड़े व्यास, छोटे आकार, दोहरे प्रतिरोधी प्रदर्शन, निकला हुआ किनारा कनेक्शन - कई फायदों वाला एक उच्च-विनिर्देश खनन पाइप सामग्री। विशेष रूप से बड़ी खानों में महत्वपूर्ण स्थानों के लिए डिज़ाइन किया गया है, जैसे कि पंप रूम इंटरफेस, वेंटिलेशन प्रशंसक इंटरफेस, आदि, उच्च सुरक्षा स्तर के साथ।"
"109","फ्लैंज कनेक्शन खनन उपयोग प्लास्टिक लेपित स्टील पाइप","(140×6 मीटर) खनन उपयोग के लिए लूज़ फ्लैंज कनेक्शन प्लास्टिक लेपित स्टील पाइप","140mm × 6m","खनन प्रणाली","","फ्लैंज कनेक्शन","एक ढीले निकला हुआ किनारा से सुसज्जित, स्थापना के दौरान बोल्ट के छेद को सख्ती से संरेखित करने की कोई आवश्यकता नहीं है, जो भूमिगत स्थापना दक्षता में काफी सुधार करता है, विशेष रूप से सीमित स्थान या कई समानांतर पाइपलाइनों के साथ जटिल काम करने की स्थिति के लिए उपयुक्त है।"
"110","फ्लैंज कनेक्शन खनन उपयोग प्लास्टिक लेपित स्टील पाइप","(273×6 मीटर) खनन उपयोग के लिए फ्लैंज कनेक्शन प्लास्टिक लेपित स्टील पाइप","273mm × 6m","खनन प्रणाली","","फ्लैंज कनेक्शन","मध्यम से बड़े व्यास का निकला हुआ किनारा कनेक्शन खनन पाइप, भूमिगत मुख्य पाइप नेटवर्क के लिए उपयुक्त। दोहरी प्रतिरोधी आंतरिक और बाहरी कोटिंग कठोर वातावरण में इसके स्थायित्व और सुरक्षा को सुनिश्चित करती है, जबकि निकला हुआ किनारा कनेक्शन पाइपलाइन के दीर्घकालिक स्थिर संचालन को सुनिश्चित करता है।"
"111","फ्लैंज कनेक्शन खनन उपयोग प्लास्टिक लेपित स्टील पाइप","(DN50×6 मीटर) खनन उपयोग के लिए फ्लैंज कनेक्शन प्लास्टिक लेपित स्टील पाइप","DN50 × 6m","खनन प्रणाली","","फ्लैंज कनेक्शन","छोटे व्यास का निकला हुआ किनारा कनेक्शन खनन पाइप, जिसका उपयोग अक्सर सेंसर, उपकरण या छोटे उपकरण को जोड़ने के लिए किया जाता है। हालांकि व्यास छोटा है, निकला हुआ किनारा कनेक्शन उच्च-शक्ति विश्वसनीय निर्धारण प्रदान करता है, और आंतरिक और बाहरी कोटिंग्स खनन सुरक्षा मानकों को पूरा करती हैं।"
"112","फ्लैंज कनेक्शन खनन उपयोग प्लास्टिक लेपित स्टील पाइप","(159×6 मीटर) खनन उपयोग के लिए फ्लैंज कनेक्शन प्लास्टिक लेपित समग्र स्टील पाइप","159mm × 6m","खनन प्रणाली","","फ्लैंज कनेक्शन","यह खनन-उपयोग प्लास्टिक-लेपित समग्र स्टील पाइप एक निकला हुआ किनारा कनेक्शन को अपनाता है और यह भूमिगत जल आपूर्ति और जल निकासी, संपीड़ित हवा, छिड़काव और अन्य प्रणालियों में सबसे व्यापक रूप से उपयोग किए जाने वाले विनिर्देशों में से एक है, उत्पाद परिपक्व और विश्वसनीय है, और बाजार में अच्छी तरह से पहचाना जाता है।"
"113","फ्लैंज कनेक्शन खनन उपयोग प्लास्टिक लेपित स्टील पाइप","(159×4 मीटर) खनन उपयोग के लिए फ्लैंज कनेक्शन प्लास्टिक लेपित समग्र स्टील पाइप","159mm × 4m","खनन प्रणाली","","फ्लैंज कनेक्शन","4-मीटर अनुकूलित लंबाई, ऊर्ध्वाधर परिवहन और सीमित ऊंचाई वाले रोडवेज में निर्माण के लिए सुविधाजनक। निकला हुआ किनारा कनेक्शन विधि, दोहरी प्रतिरोधी आंतरिक और बाहरी कोटिंग्स के साथ मिलकर, सुरक्षित खदान उत्पादन के लिए विश्वसनीय पाइपलाइन सहायता प्रदान करती है।"
"115","फ्लैंज कनेक्शन खनन उपयोग प्लास्टिक लेपित स्टील पाइप","(DN500×6 मीटर) खनन उपयोग के लिए फ्लैंज कनेक्शन दोहरी प्रतिरोधी प्लास्टिक लेपित स्टील पाइप","DN500 × 6m","खनन प्रणाली","दोहरी परत संक्षारण प्रतिरोधी","फ्लैंज कनेक्शन","बड़े व्यास का दोहरी प्रतिरोधी खनन पाइप, एक निकला हुआ किनारा कनेक्शन को अपनाता है, जिसे विशेष रूप से बड़ी और अतिरिक्त-बड़ी खानों के मुख्य वेंटिलेशन, मुख्य जल निकासी और उच्च-सांद्रता वाले गैस निष्कर्षण प्रणालियों के लिए डिज़ाइन किया गया है। यह उच्च सुरक्षा स्तर, बड़ी परिवहन क्षमता और विश्वसनीय कनेक्शन को एकीकृत करता है।"
"116","फ्लैंज कनेक्शन खनन उपयोग प्लास्टिक लेपित स्टील पाइप","(325×6 मीटर) खनन उपयोग के लिए फ्लैंज कनेक्शन उच्च दबाव बट-वेल्ड प्लास्टिक लेपित स्टील पाइप","325mm × 6m","खनन प्रणाली","","फ्लैंज कनेक्शन","निकला हुआ किनारा उच्च दबाव वाले बट-वेल्डिंग के रूप में पाइप बॉडी से जुड़ा होता है और साधारण फ्लैट-वेल्डिंग फ्लैंज की तुलना में उच्च दबाव का सामना कर सकता है। यह गहरी खदानों में उच्च दबाव वाले पानी के इंजेक्शन, जल निकासी और संपीड़ित हवा प्रणालियों के लिए उपयुक्त है, जिसमें अत्यंत उच्च कनेक्शन शक्ति होती है।"
"117","फ्लैंज कनेक्शन खनन उपयोग प्लास्टिक लेपित स्टील पाइप","(325×6 मीटर) खनन उपयोग के लिए बेल्ट-मजबूत बट-वेल्ड फ्लैंज कनेक्शन खनन उपयोग प्लास्टिक लेपित स्टील पाइप","325mm × 6m","खनन प्रणाली","","फ्लैंज कनेक्शन","एक गर्दन वाला बट-वेल्ड निकला हुआ किनारा बेहतर तनाव वितरण, बेहतर कनेक्शन शक्ति और थकान प्रतिरोध प्रदान करता है। यह उच्च-अंत उत्पाद गंभीर कंपन या दबाव में उतार-चढ़ाव वाले महत्वपूर्ण भूमिगत पाइपलाइनों के लिए उपयुक्त है, जिसमें अत्यंत उच्च सुरक्षा कारक होता है।"
"119","फ्लैंज कनेक्शन खनन उपयोग प्लास्टिक लेपित स्टील पाइप","(426×5 मीटर) खनन उपयोग के लिए ग्रे फ्लैंज कनेक्शन प्लास्टिक लेपित स्टील पाइप","426mm × 5m","खनन प्रणाली","","फ्लैंज कनेक्शन","बड़े व्यास, 5-मीटर गैर-मानक लंबाई, ग्रे उपस्थिति, निकला हुआ किनारा कनेक्शन। इसे ग्राहक की विशिष्ट कार्य स्थितियों के अनुसार अनुकूलित किया जा सकता है, जिसका उपयोग विशेष मीडिया परिवहन या विशिष्ट क्षेत्रों में पाइपलाइन प्रणालियों के लिए किया जाता है, जिसमें उच्च लचीलापन होता है।"
"121","फ्लैंज कनेक्शन खनन उपयोग प्लास्टिक लेपित स्टील पाइप","(159×4 मीटर) नीले फ्लैंज कनेक्शन प्लास्टिक लेपित स्टील पाइप","159mm × 4m","खनन प्रणाली","","फ्लैंज कनेक्शन","नीले पाइप बॉडी का उपयोग आमतौर पर भूमिगत जल आपूर्ति या संपीड़ित हवा पाइपलाइनों की पहचान के लिए किया जाता है, जो रखरखाव और प्रबंधन की सुविधा प्रदान करता है। निकला हुआ किनारा कनेक्शन विधि विश्वसनीय है, और आंतरिक और बाहरी कोटिंग्स खनन सुरक्षा आवश्यकताओं को पूरा करती हैं, जो खनन पाइपलाइन प्रणाली के मानकीकृत प्रबंधन को प्राप्त करने के लिए एक प्रभावी उपकरण है।"
"122","फ्लैंज कनेक्शन खनन उपयोग प्लास्टिक लेपित स्टील पाइप","(DN150×6 मीटर) खनन उपयोग के लिए फ्लैंज कनेक्शन प्लास्टिक लेपित स्टील पाइप","DN150 × 6m","खनन प्रणाली","","फ्लैंज कनेक्शन","DN150 खनन पाइप नेटवर्क में एक सामान्य रूप से उपयोग किया जाने वाला मुख्य पाइप विनिर्देश है। यह उत्पाद एक विश्वसनीय निकला हुआ किनारा कनेक्शन और सुरक्षा नियमों के अनुरूप आंतरिक और बाहरी कोटिंग्स को अपनाता है ताकि भूमिगत विभिन्न द्रव परिवहन के लिए सुरक्षा गारंटी प्रदान की जा सके।"
"124","फ्लैंज कनेक्शन खनन उपयोग प्लास्टिक लेपित स्टील पाइप","(DN250×6 मीटर) खनन उपयोग के लिए फ्लैंज कनेक्शन प्लास्टिक लेपित स्टील पाइप","DN250 × 6m","खनन प्रणाली","","फ्लैंज कनेक्शन","खनन प्रणाली के लिए विशेष रूप से डिज़ाइन किया गया DN250 निकला हुआ किनारा कनेक्शन पाइप, आंतरिक और बाहरी कोटिंग्स भूमिगत आग की रोकथाम और एंटी-स्टैटिक आवश्यकताओं को पूरा करती हैं, कनेक्शन की ताकत अधिक होती है, और सीलिंग प्रदर्शन अच्छा होता है, जो सुरक्षित और कुशल खदान उत्पादन सुनिश्चित करने का एक महत्वपूर्ण हिस्सा है।"
"125","फ्लैंज कनेक्शन खनन उपयोग प्लास्टिक लेपित स्टील पाइप","(325×6 मीटर) प्लास्टिक लेपित सर्पिल खनन उपयोग प्लास्टिक लेपित स्टील पाइप","325mm × 6m","खनन प्रणाली","","फ्लैंज कनेक्शन","एक किफायती सर्पिल पाइप के साथ आधार पाइप के रूप में, इसे आंतरिक और बाहरी दोनों तरफ खनन-उपयोग दोहरी प्रतिरोधी प्लास्टिक कोटिंग के साथ संसाधित किया जाता है और एक निकला हुआ किनारा कनेक्शन को अपनाता है। यह उत्पाद, सुरक्षा प्रदर्शन सुनिश्चित करते हुए, उच्च लागत-प्रभावशीलता रखता है और सीमित बजट लेकिन सुरक्षा आवश्यकताओं वाले खनन परियोजनाओं के लिए उपयुक्त है।"
"126","फ्लैंज कनेक्शन खनन उपयोग प्लास्टिक लेपित स्टील पाइप","(219×6 मीटर) खनन उपयोग के लिए फ्लैंज कनेक्शन प्लास्टिक लेपित स्टील पाइप","219mm × 6m","खनन प्रणाली","","फ्लैंज कनेक्शन","यह खनन प्रणाली में एक बहुत ही सामान्य विनिर्देश है, जिसमें स्थिर प्रदर्शन, सुरक्षा और विश्वसनीयता है। निकला हुआ किनारा कनेक्शन भूमिगत विभिन्न अवसरों के लिए उपयुक्त है जिनके लिए उच्च-शक्ति कनेक्शन की आवश्यकता होती है, और यह खदान निर्माण के लिए एक नियमित पाइप सामग्री है।"
"127","फ्लैंज कनेक्शन खनन उपयोग प्लास्टिक लेपित स्टील पाइप","(108×4 मीटर) दोनों सिरों पर वेल्डेड फ्लैंज कनेक्शन खनन उपयोग प्लास्टिक लेपित स्टील पाइप","108mm × 4m","खनन प्रणाली","","फ्लैंज कनेक्शन; वेल्डिंग कनेक्शन","इस उत्पाद के दोनों सिरों पर पहले से ही अच्छी तरह से वेल्डेड फ्लैंज हैं, उपयोगकर्ता को केवल साइट पर फ्लैंज को जोड़ने की आवश्यकता है, साइट पर पाइप बॉडी को वेल्ड करने की कोई आवश्यकता नहीं है, जो न केवल कनेक्शन की ताकत सुनिश्चित करता है, बल्कि साइट पर स्थापना के चरणों को भी सरल बनाता है और सुरक्षा में सुधार करता है।"
"128","अग्निशमन प्लास्टिक लेपित स्टील पाइप","(114×6 मीटर) अग्निशमन के लिए ग्रूव्ड कनेक्शन प्लास्टिक लेपित स्टील पाइप","114mm × 6m","अग्निशमन प्रणाली","","ग्रूव्ड कनेक्शन","अग्निशमन प्रणाली के लिए समर्पित पाइप सामग्री, आंतरिक और बाहरी दीवारों पर लाल एपॉक्सी राल के साथ लेपित, जिसमें उत्कृष्ट संक्षारण और तापमान प्रतिरोध होता है। एक ग्रूव्ड कनेक्शन विधि को अपनाते हुए, स्थापना त्वरित होती है और इसमें कोई खुली लौ नहीं होती है, जो इसे आधुनिक भवन अग्निशमन इंजीनियरिंग के लिए मानक विन्यास बनाती है।"
"129","अग्निशमन प्लास्टिक लेपित स्टील पाइप","(DN150×6 मीटर) अग्निशमन के लिए लाल ग्रूव्ड कनेक्शन प्लास्टिक लेपित स्टील पाइप","DN150 × 6m","अग्निशमन प्रणाली","","ग्रूव्ड कनेक्शन","DN150 बड़े व्यास का अग्निशमन मुख्य पाइप, एक विशिष्ट लाल उपस्थिति के साथ, एक त्वरित ग्रूव्ड कनेक्शन को अपनाता है। यह शॉपिंग मॉल, कारखानों और ऊंची इमारतों में अग्निशमन मुख्य पाइप नेटवर्क के लिए उपयुक्त है, जो आग लगने की स्थिति में तेजी से और पर्याप्त पानी की आपूर्ति सुनिश्चित करता है।"
"130","अग्निशमन प्लास्टिक लेपित स्टील पाइप","(42×6 मीटर) लाल अग्निशमन प्लास्टिक लेपित स्टील पाइप","42mm × 6m","अग्निशमन प्रणाली","","","छोटे व्यास का अग्निशमन प्लास्टिक-लेपित पाइप, अग्निशमन स्प्रिंकलर सिस्टम के अंत शाखा पाइप के लिए उपयुक्त। आंतरिक और बाहरी लाल कोटिंग, अच्छा जंगरोधी प्रदर्शन, चिकनी पाइप दीवार, कम पानी के प्रवाह का प्रतिरोध, इसे थ्रेडेड या ग्रूव्ड किया जा सकता है।"
"131","अग्निशमन प्लास्टिक लेपित स्टील पाइप","(60×6 मीटर) लाल अग्निशमन प्लास्टिक लेपित स्टील पाइप","60mm × 6m","अग्निशमन प्रणाली","","","सार्वभौमिक प्रकार का अग्निशमन प्लास्टिक-लेपित पाइप, आंतरिक और बाहरी दीवारों पर विशेष अग्निरोधी, जंगरोधी एपॉक्सी राल के साथ लेपित। यह हाइड्रेंट सिस्टम और स्प्रिंकलर सिस्टम में क्षैतिज मुख्य पाइप और राइजर के लिए उपयुक्त है, और यह भवन की अग्नि सुरक्षा सुनिश्चित करने के लिए एक बुनियादी पाइप सामग्री है।"
"132","अग्निशमन प्लास्टिक लेपित स्टील पाइप","(DN100×6 मीटर) लाल अग्निशमन प्लास्टिक लेपित स्टील पाइप","DN100 × 6m","अग्निशमन प्रणाली","","","DN100 अग्निशमन प्रणालियों में सबसे व्यापक रूप से उपयोग किया जाने वाला मुख्य पाइप विनिर्देश है। यह लाल प्लास्टिक-लेपित पाइप राष्ट्रीय अग्निशमन मानकों के अनुसार सख्ती से उत्पादित किया जाता है, इसमें उच्च दबाव प्रतिरोध, संक्षारण प्रतिरोध और लंबी सेवा जीवन होता है, जो अग्निशमन प्रणाली की दीर्घकालिक विश्वसनीयता सुनिश्चित करता है।"
"134","अग्निशमन प्लास्टिक लेपित स्टील पाइप","(DN100×3 मीटर) अग्निशमन के लिए ग्रूव्ड कनेक्शन प्लास्टिक लेपित स्टील पाइप","DN100 × 3m","अग्निशमन प्रणाली","","ग्रूव्ड कनेक्शन","3-मीटर छोटे आकार का डिज़ाइन, लाल कोटिंग, ग्रूव्ड कनेक्शन। विशेष रूप से जटिल पाइपलाइनों और सीमित स्थान वाले अग्निशमन इंजीनियरिंग क्षेत्रों के लिए अनुकूलित, जैसे कि उपकरण फर्श, निलंबित छत, आदि, लचीले लेआउट और स्थापना की सुविधा के लिए।"
"135","अग्निशमन प्लास्टिक लेपित स्टील पाइप","(DN165×6 मीटर) अग्निशमन के लिए ग्रूव्ड कनेक्शन प्लास्टिक लेपित स्टील पाइप","DN165 × 6m","अग्निशमन प्रणाली","","ग्रूव्ड कनेक्शन","अपेक्षाकृत बड़े व्यास का अग्निशमन समर्पित पाइप, ग्रूव्ड कनेक्शन, आंतरिक और बाहरी लाल प्लास्टिक कोटिंग। यह बड़ी इमारतों या औद्योगिक सुविधाओं में मुख्य अग्निशमन लाइनों के लिए उपयुक्त है, जिसमें मजबूत दबाव झेलने की क्षमता और बड़ा प्रवाह होता है, जो कठोर अग्निशमन पानी की जरूरतों को पूरा कर सकता है।"
"136","अग्निशमन प्लास्टिक लेपित स्टील पाइप","(DN32×6 मीटर) छोटे व्यास के पाइपलाइनों के लिए अग्निशमन प्लास्टिक लेपित स्टील पाइप","DN32 × 6m","अग्निशमन प्रणाली","","","DN32 छोटे व्यास का अग्निशमन पाइप, मुख्य रूप से स्प्रिंकलर हेड को जोड़ने के लिए उपयोग किया जाता है। आंतरिक और बाहरी दीवारों पर प्लास्टिक कोटिंग स्प्रिंकलर हेड को जंग लगने और बंद होने से रोक सकती है, और सुचारू पानी का प्रवाह सुनिश्चित कर सकती है। यह स्वचालित स्प्रिंकलर अग्निशमन प्रणाली का एक अनिवार्य घटक है।"
"137","अग्निशमन प्लास्टिक लेपित स्टील पाइप","(159×6 मीटर) ग्रूव्ड कनेक्शन प्लास्टिक लेपित स्टील पाइप","159mm × 6m","अग्निशमन प्रणाली","","ग्रूव्ड कनेक्शन","यह 159 मिमी ग्रूव्ड कनेक्शन प्लास्टिक-लेपित पाइप, आंतरिक और बाहरी दोनों कोटिंग्स अग्निशमन आवश्यकताओं को पूरा करते हैं। एक अग्निशमन मुख्य पाइप के रूप में, इसकी सुविधाजनक स्थापना और विश्वसनीय कनेक्शन की विशेषताएं निर्माण अवधि को प्रभावी ढंग से छोटा कर सकती हैं और व्यापक लागत को कम कर सकती हैं।"
"138","अग्निशमन प्लास्टिक लेपित स्टील पाइप","(76×6 मीटर) छोटे व्यास का प्लास्टिक लेपित स्टील पाइप","76mm × 6m","अग्निशमन प्रणाली","","","छोटे व्यास का अग्निशमन प्लास्टिक-लेपित पाइप, जिसका उपयोग हाइड्रेंट शाखा पाइप या छोटे स्प्रिंकलर क्षेत्रों में सूखे पाइप के लिए किया जा सकता है। आंतरिक और बाहरी प्लास्टिक-लेपित परतें जंग का प्रभावी ढंग से विरोध कर सकती हैं और पाइपलाइन के अंदर की सफाई सुनिश्चित कर सकती हैं, जिससे अशुद्धियों को अग्निशमन उपकरणों के सामान्य संचालन को प्रभावित करने से रोका जा सकता है।"
"139","अग्निशमन प्लास्टिक लेपित स्टील पाइप","(406×6 मीटर) अग्निशमन प्लास्टिक लेपित स्टील पाइप","406mm × 6m","अग्निशमन प्रणाली","","","बड़े व्यास का अग्निशमन प्लास्टिक-लेपित स्टील पाइप, अग्निशमन पंप रूम आउटलेट पाइप, बाहरी भूमिगत अग्निशमन मुख्य पाइप और अग्निशमन पानी के टैंकों के इनलेट और आउटलेट पाइप के लिए उपयुक्त। मजबूत दबाव झेलने की क्षमता, आंतरिक और बाहरी जंग संरक्षण, इसे वेल्डिंग या निकला हुआ किनारा द्वारा जोड़ा जा सकता है, जो अग्निशमन जीवन रेखा इंजीनियरिंग की सुरक्षा सुनिश्चित करता है।"
"140","अग्निशमन प्लास्टिक लेपित स्टील पाइप","(219×6 मीटर) अग्निशमन के लिए ग्रूव्ड कनेक्शन प्लास्टिक लेपित स्टील पाइप","219mm × 6m","अग्निशमन प्रणाली","","ग्रूव्ड कनेक्शन","बड़े व्यास का ग्रूव्ड-प्रकार का अग्निशमन पाइप, आंतरिक और बाहरी प्लास्टिक कोटिंग, लाल पहचान। बड़े सार्वजनिक भवनों, रसद गोदामों और औद्योगिक संयंत्रों में अग्निशमन प्रणालियों में व्यापक रूप से उपयोग किया जाता है, यह जल्दी से एक शक्तिशाली आग बुझाने वाला पाइप नेटवर्क बना सकता है।"
"141","अग्निशमन प्लास्टिक लेपित स्टील पाइप","(108×4 मीटर) CDU त्वरित युग्मन वेल्डेड अग्निशमन प्लास्टिक लेपित स्टील पाइप","108mm × 4m","अग्निशमन प्रणाली","","वेल्डिंग कनेक्शन","अग्निशमन प्रणालियों के लिए विशेष रूप से डिज़ाइन किया गया, यह CDU त्वरित युग्मन की स्थापना सुविधा और वेल्डिंग की स्थायी दृढ़ता को जोड़ता है, जो एक उच्च-विश्वसनीयता कनेक्शन समाधान है। आंतरिक और बाहरी प्लास्टिक-लेपित परतें अग्निशमन मानकों के अनुरूप हैं, जो आग और जंग प्रतिरोधी हैं।"
"142","अग्निशमन प्लास्टिक लेपित स्टील पाइप","(159×6 मीटर) अग्निशमन के लिए ग्रूव्ड कनेक्शन प्लास्टिक लेपित स्टील पाइप","159mm × 6m","अग्निशमन प्रणाली","","ग्रूव्ड कनेक्शन","अग्निशमन प्रणाली के लिए मुख्य पाइप सामग्री के रूप में, यह 159 मिमी ग्रूव्ड पाइप आंतरिक और बाहरी रूप से लाल एपॉक्सी राल के साथ लेपित है, जिसमें स्थिर प्रदर्शन और कुशल स्थापना है। यह सभी प्रकार की नई और पुनर्निर्मित अग्निशमन परियोजनाओं के लिए एक आदर्श विकल्प है।"
"143","गैस के लिए प्लास्टिक लेपित स्टील पाइप","(57×6 मीटर) गैस के लिए बाहरी आरक्षित मुंह प्लास्टिक लेपित स्टील पाइप","57mm × 6m","गैस प्रणाली","","","गैस परिवहन के लिए विशेष रूप से डिज़ाइन किया गया, पाइप का अंत एक बिना लेपित हिस्से (बाहरी आरक्षित मुंह) को आरक्षित करता है ताकि साइट पर वाल्व और फिटिंग के साथ एक विश्वसनीय वेल्डिंग कनेक्शन की सुविधा हो। आंतरिक और बाहरी कोटिंग्स गैस में सल्फाइड और मिट्टी के क्षरण का प्रभावी ढंग से विरोध कर सकती हैं, जिसमें उच्च सुरक्षा होती है।"
"144","गैस के लिए प्लास्टिक लेपित स्टील पाइप","(25×6 मीटर) गैस के लिए प्लास्टिक लेपित स्टील पाइप","25mm × 6m","गैस प्रणाली","","","छोटे व्यास का गैस-समर्पित प्लास्टिक-लेपित पाइप, आवासीय और वाणिज्यिक भवनों में गैस सेवा लाइनों के लिए उपयुक्त। आंतरिक और बाहरी पीले प्लास्टिक-लेपित परतें गैस पाइपलाइनों के लिए समर्पित चिह्न हैं, कोटिंग घनी है, हवा की जकड़न अच्छी है, और यह गैस रिसाव को प्रभावी ढंग से रोक सकती है।"
"145","गैस के लिए प्लास्टिक लेपित स्टील पाइप","(57×6 मीटर) छोटे व्यास का बाहरी आरक्षित मुंह गैस प्लास्टिक लेपित समग्र स्टील पाइप","57mm × 6m","गैस प्रणाली","","","छोटे व्यास का गैस समग्र पाइप, पाइप अंत आरक्षित मुंह डिजाइन, उच्च गुणवत्ता वाले वेल्डिंग संचालन के साइट पर कार्यान्वयन के लिए सुविधाजनक। आंतरिक और बाहरी पीले विशेष कोटिंग उत्कृष्ट जंग संरक्षण और चेतावनी प्रभाव प्रदान करते हैं, और शहरी गैस पाइप नेटवर्क के सुरक्षित संचालन के लिए एक विश्वसनीय गारंटी है।"
"146","गैस के लिए प्लास्टिक लेपित स्टील पाइप","(57×6 मीटर) जस्ती गैस प्लास्टिक लेपित स्टील पाइप","57mm × 6m","गैस प्रणाली","गर्म-डुबकी गैल्वनाइजिंग","","यह बाहरी गैल्वनाइजिंग और आंतरिक प्लास्टिक कोटिंग की दोहरी सुरक्षा प्रक्रिया को अपनाता है। बाहरी जस्ता परत बाहरी पर्यावरण क्षरण के खिलाफ पाइप की क्षमता को बढ़ाती है, जबकि आंतरिक प्लास्टिक परत गैस क्षरण का प्रतिरोध करती है और चिकनी गैस परिवहन बनाए रखती है। यह उच्च जंगरोधी आवश्यकताओं वाले गैस इंजीनियरिंग के लिए उपयुक्त है।"
"147","गैस के लिए प्लास्टिक लेपित स्टील पाइप","(60×6) गैस के लिए प्लास्टिक लेपित स्टील पाइप","60mm × 6m","गैस प्रणाली","","","मानकीकृत गैस प्लास्टिक-लेपित पाइप, आंतरिक और बाहरी रूप से एक पीले जंगरोधी परत के साथ लेपित, जिसमें अच्छी रासायनिक प्रतिरोध और इन्सुलेशन गुण होते हैं। यह मध्यम और निम्न दबाव वाले शहरी गैस पाइप नेटवर्क के लिए उपयुक्त है, और यह हजारों घरों को जोड़ने वाला एक सुरक्षा लिंक है।"
"150","गैस के लिए प्लास्टिक लेपित स्टील पाइप","(89×6 मीटर) गैस स्टील पाइप","89mm × 6m","गैस प्रणाली","","","मध्यम-व्यास का गैस परिवहन स्टील पाइप, आंतरिक और बाहरी दीवारों पर एक पीले विशेष जंगरोधी कोटिंग के साथ लेपित, एक मजबूत चेतावनी प्रभाव के साथ। यह आवासीय क्षेत्रों या औद्योगिक पार्कों में मुख्य गैस पाइपों के लिए उपयुक्त है, जिसमें मजबूत दबाव झेलने की क्षमता, सुरक्षा और विश्वसनीयता है।"
"151","जल आपूर्ति के लिए प्लास्टिक लेपित स्टील पाइप","(DN100×6 मीटर) जल आपूर्ति के लिए प्लास्टिक लेपित स्टील पाइप","DN100 × 6m","जल आपूर्ति प्रणाली","","","DN100 जल आपूर्ति प्रणालियों में एक सार्वभौमिक मुख्य पाइप विनिर्देश है, आंतरिक और बाहरी दीवारों पर स्वच्छ-ग्रेड एपॉक्सी राल या पॉलीथीन के साथ प्लास्टिक-लेपित, सुरक्षित और प्रदूषण मुक्त जल परिवहन सुनिश्चित करता है। पाइप की दीवार चिकनी है, कोई पैमाना नहीं बनाती है, और दीर्घकालिक कुशल जल परिवहन क्षमता बनाए रखती है।"
"152","जल आपूर्ति के लिए प्लास्टिक लेपित स्टील पाइप","(273×4 मीटर) जल आपूर्ति के लिए ग्रूव्ड कनेक्शन प्लास्टिक लेपित स्टील पाइप","273mm × 4m","जल आपूर्ति प्रणाली","","ग्रूव्ड कनेक्शन","बड़े व्यास का जल आपूर्ति पाइप, 4-मीटर छोटा आकार परिवहन और स्थापना की सुविधा प्रदान करता है, और एक ग्रूव्ड कनेक्शन विधि को अपनाता है, जिसमें उच्च निर्माण दक्षता होती है। आंतरिक और बाहरी कोटिंग्स पेयजल मानकों के अनुरूप हैं और यह बड़ी इमारतों और नगरपालिका जल आपूर्ति परियोजनाओं के लिए एक आदर्श विकल्प है।"
"153","जल आपूर्ति के लिए प्लास्टिक लेपित स्टील पाइप","(165×6 मीटर) जल आपूर्ति के लिए ग्रूव्ड कनेक्शन प्लास्टिक लेपित स्टील पाइप","165mm × 6m","जल आपूर्ति प्रणाली","","ग्रूव्ड कनेक्शन","मध्यम-व्यास का ग्रूव्ड-प्रकार का जल आपूर्ति पाइप, आंतरिक और बाहरी प्लास्टिक कोटिंग, सुविधाजनक स्थापना। यह भवन समूहों के लिए जल आपूर्ति मुख्य पाइप या बड़ी इमारतों के अंदर ऊर्ध्वाधर राइजर के लिए उपयुक्त है, और यह आधुनिक त्वरित निर्माण तकनीक का एक प्रतिनिधि उत्पाद है।"
"154","जल आपूर्ति के लिए प्लास्टिक लेपित स्टील पाइप","(426×6 मीटर) जल आपूर्ति के लिए आंतरिक और बाहरी एपॉक्सी प्लास्टिक लेपित स्टील पाइप","426mm × 6m","जल आपूर्ति प्रणाली","एपॉक्सी राल कोटिंग","","बड़े व्यास का जल आपूर्ति पाइप, जिसकी आंतरिक और बाहरी दोनों दीवारें खाद्य-ग्रेड एपॉक्सी राल के साथ लेपित हैं, जो उत्कृष्ट जंगरोधी प्रदर्शन और स्वच्छता गारंटी प्रदान करती हैं। यह नगरपालिका मुख्य जल आपूर्ति लाइनों और जल संयंत्रों जैसे पानी की गुणवत्ता और पाइपलाइन स्थायित्व पर सख्त आवश्यकताओं वाली परियोजनाओं के लिए उपयुक्त है।"
"155","जल आपूर्ति के लिए प्लास्टिक लेपित स्टील पाइप","(325×6 मीटर) जल आपूर्ति के लिए ग्रूव्ड कनेक्शन प्लास्टिक लेपित स्टील पाइप","325mm × 6m","जल आपूर्ति प्रणाली","","ग्रूव्ड कनेक्शन","यह बड़े व्यास का जल आपूर्ति पाइप एक ग्रूव्ड कनेक्शन को अपनाता है और आंतरिक और बाहरी रूप से प्लास्टिक-लेपित है। पारंपरिक कनेक्शन विधियों की तुलना में, यह बहुत अधिक स्थापना समय बचा सकता है, और कनेक्शन विश्वसनीय है। यह आधुनिक, बड़े पैमाने पर जल आपूर्ति पाइप नेटवर्क निर्माण के लिए एक कुशल समाधान है।"
"156","जल आपूर्ति के लिए प्लास्टिक लेपित स्टील पाइप","(89×6 मीटर) जल आपूर्ति के लिए प्लास्टिक लेपित स्टील पाइप","89mm × 6m","जल आपूर्ति प्रणाली","","","89 मिमी भवन जल आपूर्ति पाइप नेटवर्क में एक सामान्य रूप से उपयोग किया जाने वाला विनिर्देश है, यह उत्पाद आंतरिक और बाहरी रूप से प्लास्टिक-लेपित है, जंगरोधी और स्वच्छ है, इसे थ्रेडेड, ग्रूव्ड या फ्लैंज किया जा सकता है, इसमें मजबूत सार्वभौमिकता है, और यह सभी प्रकार की जल आपूर्ति परियोजनाओं के लिए एक बुनियादी पाइप सामग्री है।"
"157","जल आपूर्ति के लिए प्लास्टिक लेपित स्टील पाइप","(325×6 मीटर) जल आपूर्ति के लिए प्लास्टिक लेपित स्टील पाइप","325mm × 6m","जल आपूर्ति प्रणाली","","","बड़े व्यास का जल आपूर्ति समर्पित प्लास्टिक-लेपित स्टील पाइप, चिकनी आंतरिक दीवार, अच्छी हाइड्रोलिक स्थिति, कम जल परिवहन ऊर्जा खपत। आंतरिक और बाहरी कोटिंग्स पीले पानी और लाल पानी की घटना को प्रभावी ढंग से समाप्त करती हैं, पानी की आपूर्ति की गुणवत्ता में व्यापक सुधार करती हैं, और शहर के मुख्य जल आपूर्ति नेटवर्क के लिए उपयुक्त हैं।"
"158","जल आपूर्ति के लिए प्लास्टिक लेपित स्टील पाइप","(89×6 मीटर) जल आपूर्ति के लिए ग्रूव्ड कनेक्शन प्लास्टिक लेपित स्टील पाइप","89mm × 6m","जल आपूर्ति प्रणाली","","ग्रूव्ड कनेक्शन","यह उत्पाद 89 मिमी के सार्वभौमिक पाइप व्यास को एक कुशल ग्रूव्ड कनेक्शन के साथ जोड़ता है, जो भवन जल आपूर्ति प्रणालियों के लिए एक किफायती और सुविधाजनक दोनों समाधान प्रदान करता है, जिसमें बड़ी बाजार मांग और व्यापक अनुप्रयोग हैं।"
"159","जल आपूर्ति के लिए प्लास्टिक लेपित स्टील पाइप","(325×6 मीटर) जल आपूर्ति के लिए बाहरी आरक्षित मुंह प्लास्टिक लेपित स्टील पाइप","325mm × 6m","जल आपूर्ति प्रणाली","","","बड़े व्यास का जल आपूर्ति पाइप, एक पाइप अंत आरक्षित मुंह डिजाइन को अपनाता है, जो उपयोगकर्ताओं के लिए साइट की जरूरतों के अनुसार वेल्डिंग या निकला हुआ किनारा स्थापना करने के लिए सुविधाजनक है, जिसमें उच्च लचीलापन है। वेल्डिंग स्थापना के बाद, वेल्ड को एक पूर्ण जंगरोधी पाइपलाइन बनाने के लिए जंगरोधी मरम्मत के अधीन किया जाता है।"
"160","जल आपूर्ति के लिए प्लास्टिक लेपित स्टील पाइप","(159×6 मीटर) दो तरफा प्लास्टिक लेपित समग्र स्टील पाइप","159mm × 6m","जल आपूर्ति प्रणाली","","","मध्यम-व्यास का दो तरफा प्लास्टिक-लेपित पाइप, आंतरिक और बाहरी दीवारों पर कोटिंग समान और घनी होती है, जो पानी और स्टील पाइप के बीच संपर्क को पूरी तरह से अलग करती है, जिससे पाइपलाइन के क्षरण की समस्या मौलिक रूप से हल हो जाती है। यह सभी प्रकार के नागरिक और औद्योगिक जल आपूर्ति प्रणालियों के लिए उपयुक्त है।"
"161","जल आपूर्ति के लिए प्लास्टिक लेपित स्टील पाइप","(114×6 मीटर) जल आपूर्ति के लिए ग्रूव्ड कनेक्शन प्लास्टिक लेपित स्टील पाइप","114mm × 6m","जल आपूर्ति प्रणाली","","ग्रूव्ड कनेक्शन","114 मिमी व्यास का ग्रूव्ड कनेक्शन जल आपूर्ति पाइप ऊंची इमारतों में जल आपूर्ति राइजर और मुख्य पाइप के लिए एक आदर्श विकल्प है। त्वरित स्थापना, दृढ़ इंटरफेस, और आंतरिक और बाहरी प्लास्टिक कोटिंग पानी की गुणवत्ता सुरक्षा और लंबी प्रणाली जीवन संचालन सुनिश्चित करते हैं।"
"162","जल आपूर्ति के लिए प्लास्टिक लेपित स्टील पाइप","(108×4 मीटर) ग्रूव्ड कनेक्शन प्लास्टिक लेपित स्टील पाइप","108mm × 4m","जल आपूर्ति प्रणाली","","ग्रूव्ड कनेक्शन","जल आपूर्ति प्रणालियों के लिए विशेष रूप से डिज़ाइन किया गया एक ग्रूव्ड कनेक्शन पाइप, जिसमें स्वच्छ और गैर विषैले आंतरिक और बाहरी कोटिंग्स हैं। 4-मीटर की मानक लंबाई इसे इनडोर और संकीर्ण स्थानों में निर्माण के लिए सुविधाजनक बनाती है, जिससे यह एक बहुत ही लचीला उत्पाद बन जाता है।"
"163","जल आपूर्ति के लिए प्लास्टिक लेपित स्टील पाइप","(76×6 मीटर) जल आपूर्ति के लिए ग्रूव्ड कनेक्शन प्लास्टिक लेपित स्टील पाइप","76mm × 6m","जल आपूर्ति प्रणाली","","ग्रूव्ड कनेक्शन","छोटे व्यास का ग्रूव्ड कनेक्शन जल आपूर्ति पाइप, आंतरिक और बाहरी प्लास्टिक कोटिंग। यह भवन के आंतरिक जल आपूर्ति शाखा पाइप या छोटे परिसंचारी जल प्रणालियों के लिए उपयुक्त है, स्थापना में सरल, प्रदर्शन में विश्वसनीय, और पारंपरिक पाइप सामग्रियों के लिए एक उत्कृष्ट प्रतिस्थापन है।"
"164","जल आपूर्ति के लिए प्लास्टिक लेपित स्टील पाइप","(159×6 मीटर) जल आपूर्ति के लिए बाहरी आरक्षित मुंह प्लास्टिक लेपित स्टील पाइप","159mm × 6m","जल आपूर्ति प्रणाली","","","मध्यम व्यास, पाइप अंत आरक्षित मुंह, ऑन-साइट कनेक्शन के लिए सुविधा प्रदान करता है। उपयोगकर्ता स्वयं फ्लैंज वेल्ड कर सकते हैं या अन्य पाइपलाइनों के साथ वेल्ड कर सकते हैं, विशेष रूप से उन जल आपूर्ति परियोजनाओं के लिए उपयुक्त है जिनके लिए गैर-मानक कनेक्शन या ऑन-साइट संशोधन की आवश्यकता होती है।"
"165","जल आपूर्ति के लिए प्लास्टिक लेपित स्टील पाइप","(25×6 मीटर) जल आपूर्ति के लिए आंतरिक और बाहरी गर्म-पिघल एपॉक्सी पाउडर प्लास्टिक लेपित स्टील पाइप","25mm × 6m","जल आपूर्ति प्रणाली","एपॉक्सी राल कोटिंग","","छोटे व्यास का जल आपूर्ति पाइप, आंतरिक और बाहरी दोनों दीवारें एक गर्म-पिघल फ्यूजन-बॉन्डेड एपॉक्सी पाउडर प्रक्रिया को अपनाती हैं, जिसमें अत्यंत मजबूत कोटिंग आसंजन और उत्कृष्ट जंगरोधी प्रदर्शन होता है। यह उच्च-अंत आवासीय और अस्पतालों जैसे पानी की गुणवत्ता और पाइपलाइन जीवन पर अत्यंत उच्च आवश्यकताओं वाले अवसरों के लिए उपयुक्त है।"
"166","जल आपूर्ति के लिए प्लास्टिक कोटेड स्टील पाइप","(159×6 मीटर) ग्रूव कनेक्शन वाला जल आपूर्ति प्लास्टिक कोटेड स्टील पाइप","159mm × 6m","जल आपूर्ति प्रणाली","","ग्रूव कनेक्शन","यह 159 मिमी का ग्रूव कनेक्शन वाला जल आपूर्ति पाइप बाजार में एक मुख्यधारा का उत्पाद है, जिसमें स्थिर गुणवत्ता और कुशल स्थापना होती है। यह विभिन्न प्रकार की इमारतों में मुख्य जल आपूर्ति लाइनों के लिए व्यापक रूप से उपयोग किया जाता है और आधुनिक जल आपूर्ति इंजीनियरिंग के लिए पसंदीदा विकल्पों में से एक है।"
"167","जल आपूर्ति के लिए प्लास्टिक कोटेड स्टील पाइप","(108×6 मीटर) क्लैंप कनेक्शन वाला जल/निकासी प्लास्टिक कोटेड स्टील पाइप","108mm × 6m","जल आपूर्ति प्रणाली; जल निकासी प्रणाली","","क्लैंप कनेक्शन","अत्यधिक बहुमुखी क्लैंप (ग्रूव) कनेक्शन वाला प्लास्टिक कोटेड पाइप, जिसका उपयोग दबावयुक्त जल आपूर्ति प्रणालियों और गैर-दबावयुक्त जल निकासी प्रणालियों दोनों के लिए किया जा सकता है। चिकनी और जंग-रोधी आंतरिक और बाहरी कोटिंग इसे एक बहुउद्देश्यीय, उच्च-दक्षता वाला पाइपलाइन उत्पाद बनाती है।"
"168","जल आपूर्ति के लिए प्लास्टिक कोटेड स्टील पाइप","(108×4 मीटर) ग्रूव कनेक्शन वाला जल आपूर्ति प्लास्टिक कोटेड स्टील पाइप","108mm × 6m","जल आपूर्ति प्रणाली","","ग्रूव कनेक्शन","क्लासिक ग्रूव कनेक्शन वाला जल आपूर्ति पाइप, जिसमें आंतरिक और बाहरी सैनिटरी-ग्रेड कोटिंग होती है, 4 मीटर की लंबाई संचालन में आसानी प्रदान करती है। यह विभिन्न बिल्डिंग जल आपूर्ति नेटवर्कों की तेजी से स्थापना के लिए उपयुक्त है, प्रदर्शन में विश्वसनीय और लागत प्रभावी है।"
"169","जल आपूर्ति के लिए प्लास्टिक कोटेड स्टील पाइप","(325×6 मीटर) ग्रूव कनेक्शन वाला प्लास्टिक कोटेड स्टील पाइप","325mm × 6m","जल आपूर्ति प्रणाली","","ग्रूव कनेक्शन","बड़े व्यास का ग्रूव कनेक्शन वाला जल आपूर्ति पाइप, जो बड़े पैमाने की परियोजनाओं के लिए एक कुशल पाइपलाइन स्थापना समाधान प्रदान करता है। आंतरिक और बाहरी कोटिंग जल परिवहन की सुरक्षा सुनिश्चित करती है, और तेज कनेक्शन विधि श्रम और समय की लागत को काफी कम कर देती है।"
"170","जल आपूर्ति के लिए प्लास्टिक कोटेड स्टील पाइप","(529×6 मीटर) नीला बाहरी सिरे वाला जल आपूर्ति प्लास्टिक कोटेड स्टील पाइप","529mm × 6m","जल आपूर्ति प्रणाली","","","बड़े व्यास का जल आपूर्ति पाइप, नीला बाहरी रूप जल आपूर्ति के लिए एक विशेष पहचानकर्ता के रूप में काम कर सकता है, और खुला सिरा ऑन-साइट वेल्डिंग की सुविधा प्रदान करता है। यह बड़े नगरपालिका या औद्योगिक जल आपूर्ति परियोजनाओं के लिए उपयुक्त है जिन्हें विशेष पहचान और लचीले कनेक्शन तरीकों की आवश्यकता होती है।"
"171","जल आपूर्ति के लिए प्लास्टिक कोटED स्टील पाइप","(DN200×6 मीटर) वेल्डेड जल आपूर्ति प्लास्टिक कोटED स्टील पाइप","DN200 × 6m","जल आपूर्ति प्रणाली","","वेल्डेड कनेक्शन","यह जल आपूर्ति प्लास्टिक कोटेड पाइप विशेष रूप से उन अनुप्रयोगों के लिए डिज़ाइन किया गया है जहाँ वेल्डेड कनेक्शन की आवश्यकता होती है, पाइप के सिरे को ऑन-साइट वेल्डिंग की सुविधा के लिए संसाधित किया जाता है। वेल्डिंग पूरी होने के बाद, पूरी पाइपलाइन के जंग-रोधी प्रदर्शन को सुनिश्चित करने के लिए वेल्ड सीम पर पेशेवर जंग-रोधी मरम्मत की आवश्यकता होती है।"
"172","जल आपूर्ति के लिए प्लास्टिक कोटेड स्टील पाइप","(DN15×6 मीटर) जल आपूर्ति प्लास्टिक कोटेड स्टील पाइप","DN15 × 6m","जल आपूर्ति प्रणाली","","","सबसे छोटे व्यास का जल आपूर्ति प्लास्टिक कोटेड पाइप, जो घरेलू नवीनीकरण, अपार्टमेंट आदि में इनलेट पानी के पाइप के लिए उपयुक्त है। आंतरिक और बाहरी प्लास्टिक कोटिंग, गैल्वेनाइज्ड पाइपों की जंग की समस्या को पूरी तरह से हल करती है, जिससे स्वस्थ, स्वच्छ घरेलू पानी उपलब्ध होता है।"
"173","जल आपूर्ति के लिए प्लास्टिक कोटेड स्टील पाइप","(DN125×6 मीटर) जल आपूर्ति प्लास्टिक कोटेड स्टील पाइप","DN125 × 6m","जल आपूर्ति प्रणाली","","","मध्यम व्यास का जल आपूर्ति प्लास्टिक कोटेड पाइप, जो नगरपालिका की मुख्य पाइपलाइनों को इमारत के आंतरिक पाइप नेटवर्क से जोड़ने के लिए एक आदर्श विकल्प है। आंतरिक और बाहरी जंग-रोधी, पानी की गुणवत्ता सुनिश्चित करता है, लंबी सेवा जीवन और कम रखरखाव लागत।"
"174","जल आपूर्ति के लिए प्लास्टिक कोटेड स्टील पाइप","(426×6 मीटर) बाहरी सिरे वाला जल आपूर्ति प्लास्टिक कोटेड स्टील पाइप","426mm × 6m","जल आपूर्ति प्रणाली","","","बड़े व्यास का जल आपूर्ति पाइप, बाहरी सिरे वाला डिज़ाइन बड़े पाइपलाइन परियोजनाओं के लिए ऑन-साइट कनेक्शन के लिए अधिकतम लचीलापन प्रदान करता है। यह उन परियोजनाओं के लिए उपयुक्त है जिन्हें मौजूदा विभिन्न प्रकार के पाइपों या बड़े उपकरणों के साथ इंटरफेस करने की आवश्यकता होती है।"
"175","जल आपूर्ति के लिए प्लास्टिक कोटेड स्टील पाइप","(89×6 मीटर) बाहरी सिरे वाला जल/निकासी प्लास्टिक कोटेड कम्पोजिट स्टील पाइप","89mm × 6m","जल आपूर्ति प्रणाली; जल निकासी प्रणाली","","","यह जल आपूर्ति और जल निकासी दोनों के लिए एक सामान्य-उद्देश्य वाला प्लास्टिक कोटेड पाइप है, जिसमें एक खुला सिरा डिज़ाइन है। यह जल आपूर्ति की स्वच्छता आवश्यकताओं को पूरा कर सकता है और जल निकासी के संक्षारक वातावरण का भी सामना कर सकता है, जिससे यह एक लचीला, बहुउद्देश्यीय पाइपलाइन उत्पाद बन जाता है।"
"176","जल आपूर्ति के लिए प्लास्टिक कोटेड स्टील पाइप","(DN150×6 मीटर) ग्रूव कनेक्शन वाला जल/निकासी प्लास्टिक कोटेड स्टील पाइप","DN150 × 6m","जल आपूर्ति प्रणाली; जल निकासी प्रणाली","","ग्रूव कनेक्शन","एक ग्रूव कनेक्शन वाला पाइप जिसे एक साथ जल आपूर्ति और जल निकासी प्रणालियों दोनों के लिए इस्तेमाल किया जा सकता है। आंतरिक और बाहरी कोटिंग में अच्छी जंग प्रतिरोधकता और चिकनाई होती है, कनेक्शन तेज होता है, आवेदन का दायरा विस्तृत होता है, और यह प्रभावी रूप से इन्वेंट्री प्रकारों को कम कर सकता है।"
"177","जल आपूर्ति के लिए प्लास्टिक कोटेड स्टील पाइप","(426×6 मीटर) बाहरी सिरे वाला जल आपूर्ति प्लास्टिक कोटेड कम्पोजिट स्टील पाइप","426mm × 6m","जल आपूर्ति प्रणाली","","","बड़े व्यास का जल आपूर्ति कम्पोजिट पाइप, वेल्डिंग की सुविधा के लिए खुला सिरा, और आंतरिक और बाहरी कोटिंग पाइप के जंग-रोधी प्रदर्शन और स्वच्छता सुरक्षा को सुनिश्चित करती है। यह बड़े जल आपूर्ति परियोजनाओं में पहली पसंद है जहाँ अत्यधिक अनुकूलित कनेक्शन समाधान की आवश्यकता होती है।"
"178","जल आपूर्ति के लिए प्लास्टिक कोटेड स्टील पाइप","(48×6 मीटर) जल आपूर्ति प्लास्टिक कोटेड स्टील पाइप","48mm × 6m","जल आपूर्ति प्रणाली","","","छोटे व्यास का जल आपूर्ति प्लास्टिक कोटेड पाइप, इनडोर बिल्डिंग जल आपूर्ति शाखा पाइप के लिए उपयुक्त है। आंतरिक और बाहरी दीवारों पर सैनिटरी-ग्रेड कोटिंग, जंग नहीं लगती, स्केल नहीं जमता, घरेलू पीने के पानी की सुरक्षा सुनिश्चित करता है, और पारंपरिक पाइप सामग्री का एक उन्नत उत्पाद है।"
"180","जल आपूर्ति के लिए प्लास्टिक कोटेड स्टील पाइप","(76×6 मीटर) छोटे व्यास वाला बाहरी सिरे वाला जल आपूर्ति प्लास्टिक कोटेड स्टील पाइप","76mm × 6m","जल आपूर्ति प्रणाली","","","छोटे व्यास का जल आपूर्ति पाइप, खुला सिरा डिज़ाइन, विशेष रूप से सटीक पाइपिंग या नवीनीकरण परियोजनाओं के लिए बनाया गया है जिन्हें ऑन-साइट वेल्डिंग की आवश्यकता होती है। आंतरिक और बाहरी जंग संरक्षण सुनिश्चित करते हुए, यह अधिकतम कनेक्शन स्वतंत्रता प्रदान करता है।"
"181","जल आपूर्ति के लिए प्लास्टिक कोटेड स्टील पाइप","(114×6 मीटर) क्लैंप कनेक्शन वाला जल आपूर्ति प्लास्टिक कोटेड स्टील पाइप","114mm × 6m","जल आपूर्ति प्रणाली","","क्लैंप कनेक्शन","क्लैंप (ग्रूव) कनेक्शन का उपयोग करने वाला जल आपूर्ति प्लास्टिक कोटेड पाइप, जिसकी स्थापना अत्यंत सुविधाजनक और तेज है। आंतरिक और बाहरी कोटिंग पीने के पानी के मानकों को पूरा करती है, जो इसे ऊंची इमारतों और बड़े स्थानों में जल आपूर्ति प्रणालियों के तेजी से निर्माण के लिए एक पसंदीदा समाधान बनाती है।"
"182","जल आपूर्ति के लिए प्लास्टिक कोटेड स्टील पाइप","(108×6 मीटर) ग्रूव कनेक्शन वाला जल/निकासी प्लास्टिक कोटेड स्टील पाइप","108mm × 6m","जल आपूर्ति प्रणाली; जल निकासी प्रणाली","","ग्रूव कनेक्शन","यह एक बहु-कार्यात्मक ग्रूव कनेक्शन पाइप है, जिसका उपयोग दबावयुक्त जल आपूर्ति प्रणालियों और गैर-दबावयुक्त जल निकासी प्रणालियों दोनों के लिए किया जा सकता है। चिकनी, जंग-रोधी आंतरिक और बाहरी कोटिंग इसे व्यापक रूप से लागू और लागत प्रभावी बनाती है।"
"183","जल आपूर्ति के लिए प्लास्टिक कोटेड स्टील पाइप","(219×6 मीटर) बाहरी सिरे वाला सर्पिल जल आपूर्ति प्लास्टिक कोटेड स्टील पाइप","219mm × 6m","जल आपूर्ति प्रणाली","","","सर्पिल पाइप को आधार सामग्री के रूप में उपयोग करते हुए, आंतरिक और बाहरी प्लास्टिक कोटिंग उपचार किया जाता है, और पाइप का सिरा खुला छोड़ दिया जाता है। सर्पिल पाइप की लागत कम होती है, दबाव सहने की क्षमता अच्छी होती है, और प्लास्टिक कोटिंग के जंग संरक्षण और खुले सिरे की वेल्डिंग के लचीलेपन के साथ मिलकर, यह बड़े जल आपूर्ति परियोजनाओं में एक किफायती और व्यावहारिक विकल्प है।"